$MeshFormat
4.1 0 8
$EndMeshFormat
$PhysicalNames
7
1 4 "right"
1 5 "top"
1 6 "left"
2 2 "back"
2 3 "bottom"
2 7 "front"
3 1 "volume"
$EndPhysicalNames
$Entities
12 15 7 1
1 0 0 0 0 
2 1 0 0 0 
3 1 1 0 0 
4 0 1 0 0 
31 1 0.7 0 0 
32 0.7 1 0 0 
33 0 0 0.05 0 
34 1 0 0.05 0 
38 1 0.7 0.05 0 
42 1 1 0.05 0 
43 0.7 1 0.05 0 
47 0 1 0.05 0 
1 0 0 0 1 0 0 0 2 1 -2 
2 1 0 0 1 0.7 0 0 2 2 -31 
3 0 1 0 0.7 1 0 0 2 32 -4 
4 0 0 0 0 1 0 0 2 4 -1 
5 0.7 0.7 0 1 1 0 0 2 31 -32 
7 0 0 0.05 1 0 0.05 0 2 33 -34 
8 1 0 0.05 1 0.7 0.05 0 2 34 -38 
9 0.7 0.7 0.05 1 1 0.05 0 2 38 -43 
10 0 1 0.05 0.7 1 0.05 0 2 43 -47 
11 0 0 0.05 0 1 0.05 0 2 47 -33 
13 0 0 0 0 0 0.05 0 2 1 -33 
14 1 0 0 1 0 0.05 0 2 2 -34 
18 1 0.7 0 1 0.7 0.05 0 2 31 -38 
22 0.7 1 0 0.7 1 0.05 0 2 32 -43 
26 0 1 0 0 1 0.05 0 2 4 -47 
1 0 0 0 1 1 0 1 2 5 1 2 5 3 4 
15 0 0 0 1 0 0.05 1 3 4 1 14 -7 -13 
19 1 0 0 1 0.7 0.05 0 4 2 18 -8 -14 
23 0.7 0.7 0 1 1 0.05 0 4 5 22 -9 -18 
27 0 1 0 0.7 1 0.05 0 4 3 26 -10 -22 
31 0 0 0 0 1 0.05 0 4 4 13 -11 -26 
32 0 0 0.05 1 1 0.05 1 7 5 7 8 9 10 11 
1 0 0 0 1 1 0.05 1 1 7 -1 32 15 19 23 27 31 
$EndEntities
$Nodes
28 1094 1 1094
0 1 0 1
1
0 0 0
0 2 0 1
2
1 0 0
0 4 0 1
3
0 1 0
0 31 0 1
4
1 0.7 0
0 32 0 1
5
0.7 1 0
0 33 0 1
6
0 0 0.05
0 34 0 1
7
1 0 0.05
0 38 0 1
8
1 0.7 0.05
0 43 0 1
9
0.7 1 0.05
0 47 0 1
10
0 1 0.05
1 1 0 19
11
12
13
14
15
16
17
18
19
20
21
22
23
24
25
26
27
28
29
0.04999999999989967 0 0
0.09999999999981468 0 0
0.1499999999997036 0 0
0.1999999999995579 0 0
0.2499999999994122 0 0
0.2999999999992664 0 0
0.3499999999991207 0 0
0.399999999998975 0 0
0.4499999999988292 0 0
0.4999999999986943 0 0
0.5499999999988151 0 0
0.5999999999989468 0 0
0.6499999999990784 0 0
0.69999999999921 0 0
0.7499999999993417 0 0
0.7999999999994734 0 0
0.8499999999996051 0 0
0.8999999999997368 0 0
0.9499999999998684 0 0
1 2 0 13
30
31
32
33
34
35
36
37
38
39
40
41
42
1 0.04999999999989697 0
1 0.0999999999998011 0
1 0.1499999999996698 0
1 0.1999999999995223 0
1 0.2499999999993857 0
1 0.2999999999992381 0
1 0.3499999999991014 0
1 0.3999999999992295 0
1 0.4499999999993686 0
1 0.4999999999994925 0
1 0.5499999999995993 0
1 0.5999999999997245 0
1 0.6499999999998622 0
1 3 0 13
43
44
45
46
47
48
49
50
51
52
53
54
55
0.6500000000001287 1 0
0.6000000000002418 1 0
0.5500000000003396 1 0
0.5000000000004404 1 0
0.4500000000005613 1 0
0.4000000000007147 1 0
0.3500000000008573 1 0
0.3000000000007352 1 0
0.2500000000006018 1 0
0.2000000000004839 1 0
0.150000000000383 1 0
0.1000000000002637 1 0
0.05000000000013183 1 0
1 4 0 19
56
57
58
59
60
61
62
63
64
65
66
67
68
69
70
71
72
73
74
0 0.9499999999997918 0
0 0.8999999999995836 0
0 0.8499999999996529 0
0 0.7999999999999998 0
0 0.7500000000003466 0
0 0.7000000000006934 0
0 0.6500000000010401 0
0 0.6000000000013869 0
0 0.5500000000017335 0
0 0.5000000000020587 0
0 0.4500000000018723 0
0 0.4000000000016644 0
0 0.3500000000014564 0
0 0.3000000000012483 0
0 0.2500000000010403 0
0 0.2000000000008322 0
0 0.1500000000006241 0
0 0.100000000000416 0
0 0.05000000000020799 0
1 5 0 9
75
76
77
78
79
80
81
82
83
0.9530696604697472 0.7036934978243385 0
0.9072949015234253 0.7146830451647701 0
0.863802849788288 0.7326980428911745 0
0.8236644239132025 0.7572949019774465 0
0.7878679651465635 0.7878679661415079 0
0.7572949013434744 0.8236644247857904 0
0.732698042547492 0.8638028504628028 0
0.7146830450229631 0.9072949019598627 0
0.7036934977972891 0.9530696606405319 0
1 7 0 19
84
85
86
87
88
89
90
91
92
93
94
95
96
97
98
99
100
101
102
0.04999999999989967 0 0.05
0.09999999999981468 0 0.05
0.1499999999997036 0 0.05
0.1999999999995579 0 0.05
0.2499999999994122 0 0.05
0.2999999999992664 0 0.05
0.3499999999991207 0 0.05
0.399999999998975 0 0.05
0.4499999999988292 0 0.05
0.4999999999986943 0 0.05
0.5499999999988151 0 0.05
0.5999999999989468 0 0.05
0.6499999999990784 0 0.05
0.69999999999921 0 0.05
0.7499999999993417 0 0.05
0.7999999999994734 0 0.05
0.8499999999996051 0 0.05
0.8999999999997368 0 0.05
0.9499999999998684 0 0.05
1 8 0 13
103
104
105
106
107
108
109
110
111
112
113
114
115
1 0.04999999999989697 0.05
1 0.0999999999998011 0.05
1 0.1499999999996698 0.05
1 0.1999999999995223 0.05
1 0.2499999999993857 0.05
1 0.2999999999992381 0.05
1 0.3499999999991014 0.05
1 0.3999999999992295 0.05
1 0.4499999999993686 0.05
1 0.4999999999994925 0.05
1 0.5499999999995993 0.05
1 0.5999999999997245 0.05
1 0.6499999999998622 0.05
1 9 0 9
116
117
118
119
120
121
122
123
124
0.9530696604697472 0.7036934978243385 0.05
0.9072949015234253 0.7146830451647701 0.05
0.863802849788288 0.7326980428911745 0.05
0.8236644239132025 0.7572949019774465 0.05
0.7878679651465635 0.7878679661415079 0.05
0.7572949013434744 0.8236644247857904 0.05
0.732698042547492 0.8638028504628028 0.05
0.7146830450229631 0.9072949019598627 0.05
0.7036934977972891 0.9530696606405319 0.05
1 10 0 13
125
126
127
128
129
130
131
132
133
134
135
136
137
0.6500000000001287 1 0.05
0.6000000000002418 1 0.05
0.5500000000003396 1 0.05
0.5000000000004404 1 0.05
0.4500000000005613 1 0.05
0.4000000000007147 1 0.05
0.3500000000008573 1 0.05
0.3000000000007352 1 0.05
0.2500000000006018 1 0.05
0.2000000000004839 1 0.05
0.150000000000383 1 0.05
0.1000000000002637 1 0.05
0.05000000000013183 1 0.05
1 11 0 19
138
139
140
141
142
143
144
145
146
147
148
149
150
151
152
153
154
155
156
0 0.9499999999997918 0.05
0 0.8999999999995836 0.05
0 0.8499999999996529 0.05
0 0.7999999999999998 0.05
0 0.7500000000003466 0.05
0 0.7000000000006934 0.05
0 0.6500000000010401 0.05
0 0.6000000000013869 0.05
0 0.5500000000017335 0.05
0 0.5000000000020587 0.05
0 0.4500000000018723 0.05
0 0.4000000000016644 0.05
0 0.3500000000014564 0.05
0 0.3000000000012483 0.05
0 0.2500000000010403 0.05
0 0.2000000000008322 0.05
0 0.1500000000006241 0.05
0 0.100000000000416 0.05
0 0.05000000000020799 0.05
2 1 0 421
157
158
159
160
161
162
163
164
165
166
167
168
169
170
171
172
173
174
175
176
177
178
179
180
181
182
183
184
185
186
187
188
189
190
191
192
193
194
195
196
197
198
199
200
201
202
203
204
205
206
207
208
209
210
211
212
213
214
215
216
217
218
219
220
221
222
223
224
225
226
227
228
229
230
231
232
233
234
235
236
237
238
239
240
241
242
243
244
245
246
247
248
249
250
251
252
253
254
255
256
257
258
259
260
261
262
263
264
265
266
267
268
269
270
271
272
273
274
275
276
277
278
279
280
281
282
283
284
285
286
287
288
289
290
291
292
293
294
295
296
297
298
299
300
301
302
303
304
305
306
307
308
309
310
311
312
313
314
315
316
317
318
319
320
321
322
323
324
325
326
327
328
329
330
331
332
333
334
335
336
337
338
339
340
341
342
343
344
345
346
347
348
349
350
351
352
353
354
355
356
357
358
359
360
361
362
363
364
365
366
367
368
369
370
371
372
373
374
375
376
377
378
379
380
381
382
383
384
385
386
387
388
389
390
391
392
393
394
395
396
397
398
399
400
401
402
403
404
405
406
407
408
409
410
411
412
413
414
415
416
417
418
419
420
421
422
423
424
425
426
427
428
429
430
431
432
433
434
435
436
437
438
439
440
441
442
443
444
445
446
447
448
449
450
451
452
453
454
455
456
457
458
459
460
461
462
463
464
465
466
467
468
469
470
471
472
473
474
475
476
477
478
479
480
481
482
483
484
485
486
487
488
489
490
491
492
493
494
495
496
497
498
499
500
501
502
503
504
505
506
507
508
509
510
511
512
513
514
515
516
517
518
519
520
521
522
523
524
525
526
527
528
529
530
531
532
533
534
535
536
537
538
539
540
541
542
543
544
545
546
547
548
549
550
551
552
553
554
555
556
557
558
559
560
561
562
563
564
565
566
567
568
569
570
571
572
573
574
575
576
577
0.4750119152449546 0.04292695306657235 0
0.7437578993273821 0.7784796191182692 0
0.04198153085749578 0.4749944491379716 0
0.9563733362430991 0.425453238398623 0
0.3744008720659142 0.9591991507256374 0
0.6756916316600164 0.04774408795761971 0
0.04082872272415571 0.6747398251345254 0
0.04330108307031147 0.2750318733057127 0
0.3275808128555067 0.04190655935629562 0
0.9557604544405129 0.2753406205461775 0
0.8209602698357413 0.713076120413807 0
0.5171663004547821 0.9610060656428604 0
0.2251363035444379 0.9567197737933479 0
0.8249999999995391 0.04330127018933595 0
0.1699286543588457 0.04871170691484884 0
0.04841989256294618 0.8256169493583327 0
0.6860253223293579 0.8699474307073376 0
0.9581043317076731 0.5749606747557564 0
0.5756790216665316 0.0451421557743757 0
0.958241719218897 0.1748024271412555 0
0.04330127018940205 0.3750000000015604 0
0.0416480921467408 0.1750027650225733 0
0.04240079342054526 0.5734489693790714 0
0.1256395536181243 0.9569279184064308 0
0.6235417969062456 0.957476624239189 0
0.9156045726799495 0.6750066345548851 0
0.9247879874482651 0.04233845348780704 0
0.04218322164213256 0.07693691646373363 0
0.04301877589794238 0.9266295660920314 0
0.7807375718664009 0.7434750552981935 0
0.7343248208968358 0.7302980247409062 0
0.698185816570672 0.7642913120156214 0
0.6880720782412284 0.7168707427595936 0
0.6518924525953812 0.74826077680912 0
0.6408363586117642 0.7027473030380051 0
0.6773810394617426 0.6702077672382633 0
0.6301778352492549 0.6561472158673038 0
0.6655631529523918 0.6236675304050998 0
0.6192294778217016 0.6093235401161274 0
0.5837952232369373 0.6419971875838852 0
0.5731626035758106 0.5949329847994843 0
0.608697586695147 0.5621485055041537 0
0.562486333258673 0.547779381337073 0
0.5378162953621086 0.627904835045185 0
0.5982272151055565 0.5147710453559431 0
0.5517844388068518 0.5003161088342554 0
0.5876900594405084 0.4672531934471379 0
0.5411953842419777 0.4526410051466441 0
0.5052393611559318 0.4857820451324708 0
0.4946407574160233 0.4380045890417844 0
0.4586656625696445 0.4710968829247654 0
0.4479554559099256 0.423289371354902 0
0.5771318319420836 0.4195873400221791 0
0.4118489857386652 0.4565206171998007 0
0.4011259059336328 0.4086334923838238 0
0.6237376650661967 0.4342915969555926 0
0.6131661611194491 0.3864909538030878 0
0.4372962091996924 0.3753583965780107 0
0.390379622980794 0.3606717454414655 0
0.3649751514021629 0.4418814554300915 0
0.375874936089612 0.4899907374494687 0
0.6599708965619481 0.4012909991066997 0
0.6493197302770628 0.3532897143013361 0
0.3288271564913607 0.4752163465908988 0
0.3397702504034529 0.5234164357545009 0
0.4266109527023476 0.3273458629994432 0
0.3795552662609015 0.3125935901189917 0
0.6961890413077878 0.3680648774099895 0
0.7068047391726509 0.4161211862355174 0
0.6855616013851275 0.3199834750703409 0
0.6385736032329106 0.3052141829997694 0
0.2926141632203811 0.5086076848826082 0
0.3034470185913594 0.5566875530698149 0
0.2817809609261178 0.460472154696151 0
0.4159058410759687 0.2791880624257613 0
0.3687854406769755 0.2643913753465217 0
0.332384345861737 0.2978669234207892 0
0.3215798457021355 0.2495734068808535 0
0.285117406401016 0.2831182784608338 0
0.6748710034957608 0.2718307573198611 0
0.6277672562440524 0.2570463983301099 0
0.7219709312466691 0.2866438106882561 0
0.2742863787228871 0.2347298736711455 0
0.3507567267839342 0.5715713832125364 0
0.3144566117267897 0.6049063266092747 0
0.2671722811464828 0.5901435253674651 0
0.2780706386475329 0.6383232749336492 0
0.325430979583555 0.6530831314232886 0
0.2889944154682805 0.6865297007675115 0
0.336296053074555 0.7012057251269443 0
0.300646186414429 0.7345952242562627 0
0.3473152832695997 0.749335135138915 0
0.2475792580822283 0.7261713151748849 0
0.7430986975764955 0.3828914804188606 0
0.7537585829157717 0.4310175469378796 0
0.6053529114182639 0.735266058036754 0
0.7112868948476391 0.2383460249076091 0
0.2454960414875906 0.4938815945010613 0
0.2346572860685338 0.4457103259933118 0
0.758517379150352 0.2531809554600662 0
0.4051935335785377 0.2309531186794165 0
0.2377578061618326 0.2683402176471891 0
0.2269047306824187 0.2198661884424991 0
0.312507452550509 0.7869020814978873 0
0.2308095753505307 0.6236434034185859 0
0.3835297041902806 0.7158250785890232 0
0.3944439854935254 0.7639269564971853 0
0.4523525741832886 0.2457775449301785 0
0.7477927299702538 0.2047856224394255 0
0.790087509318657 0.39777245000884 0
0.8006835619684006 0.4458699220669147 0
0.7643887438436969 0.4791037777912036 0
0.8112447255860488 0.4939561052620123 0
0.7951542946159632 0.2197021292243696 0
0.7138602392743882 0.6378835887180598 0
0.4304123458947288 0.7301742441640586 0
0.4410381807131503 0.7783058509143175 0
0.7004580286744023 0.1899330369502441 0
0.3107875742363622 0.2013812462304683 0
0.4693997362328921 0.5188088950226837 0
0.8058659570104046 0.268132467232216 0
0.5665701753588943 0.3718493776001406 0
0.4197052498263408 0.6823020832893576 0
0.4416440648218846 0.197477703805328 0
0.4886384522230364 0.2123803741537572 0
0.1982855986632022 0.4791811373218506 0
0.187429645829284 0.4309064564204238 0
0.6156207659304208 0.782348834550849 0
0.1903338373420249 0.2535233237672447 0
0.179446478343459 0.2049797711035808 0
0.4054060633455384 0.8120565351383581 0
0.4523974757904902 0.8266499740356046 0
0.2160809541845174 0.1712986823083911 0
0.7370130427893227 0.156290961329295 0
0.6445813472393075 0.5296107802841037 0
0.7749515882170114 0.5270545517086709 0
0.8214537261136604 0.541932887577165 0
0.8532458195953666 0.5091683213937217 0
0.4992714041201503 0.2607264654752339 0
0.5696488218020681 0.7680625818793102 0
0.5790292054988146 0.8155534719472732 0
0.2710038184566519 0.4123122899934385 0
0.168981756980512 0.1568300243768123 0
0.2014883000159048 0.3018171182460128 0
0.840072954380396 0.2351835749628803 0
0.8314365824951506 0.1861755298567927 0
0.8520531741838933 0.2843598035352646 0
0.4790693511549223 0.165020577142339 0
0.5254257337604382 0.1788439686923296 0
0.4314496848726941 0.1516417068082987 0
0.83571395837968 0.412295029436147 0
0.1566407202750261 0.2880793931794389 0
0.150995459152398 0.4644723428505396 0
0.1628002167052348 0.5125027514502327 0
0.1401123400191208 0.416083410002212 0
0.4663237825253888 0.6953907618367869 0
0.7855300610964262 0.5748636434659516 0
0.831757240995557 0.5896770255126473 0
0.689572630320046 0.1414187963194152 0
0.5146740254585486 0.1304226636441641 0
0.5606766186957827 0.14809894387148 0
0.4175690935883383 0.8600004495674045 0
0.3690575910010166 0.845685104148576 0
0.7021333236281697 0.5918174197439643 0
0.4734637179176707 0.3421160833807859 0
0.5484601885278215 0.6746750868512348 0
0.4636653088275805 0.8748370848678816 0
0.4557386893473541 0.6480030136685029 0
0.5918095530195645 0.2905937571205252 0
0.7966012678712799 0.6219765457414346 0
0.653356485594214 0.175412813596076 0
0.6382178458018185 0.1234438150221366 0
0.7253293415589016 0.1105046970121779 0
0.7726222318116776 0.1232822319819388 0
0.1281054413966972 0.1886018301172454 0
0.1232410887685291 0.1356879083753531 0
0.206203292068902 0.1236820224696998 0
0.2529359342163932 0.137763527265915 0
0.8456663473013376 0.6361412064741157 0
0.2413493955702313 0.08843776656104736 0
0.408957656308774 0.6344451323925093 0
0.4450143427448643 0.6007594141702133 0
0.7278780355850099 0.5121315742806144 0
0.5338067248759139 0.8014807947260864 0
0.544385631073351 0.8497655544063734 0
0.5897938152849844 0.8630868138432402 0
0.7796160474478057 0.349713237804456 0
0.2199061755594292 0.5753661011888841 0
0.1835055373235293 0.6089960336496283 0
0.194799118593462 0.6560797347366968 0
0.147054793154537 0.6424213594259253 0
0.1611479104951719 0.6939766042413722 0
0.1288163162599702 0.5894408847928383 0
0.8782291959058416 0.6045612501765246 0
0.2961054143861497 0.3312869565910093 0
0.5812266921487517 0.2425376646674518 0
0.1766120401840078 0.3825895967318022 0
0.1303970734983514 0.3682235593196084 0
0.7740620839595697 0.6966393357095835 0
0.5232262177111471 0.7557843309662761 0
0.8807062544927259 0.2037606265071775 0
0.864882112966201 0.1585030531279113 0
0.1182426324451269 0.5036254015931645 0
0.2862879451380839 0.1042581989178781 0
0.09951161080159288 0.6278672063829797 0
0.7520835405564279 0.07940861010167989 0
0.4273814161353489 0.9085445891324804 0
0.5579903821738764 0.8984047883017121 0
0.7062038307684654 0.8164537305681981 0
0.6628416702301292 0.8361751079032618 0
0.6736849231985349 0.9153257254066964 0
0.4758869738412119 0.9239884175014049 0
0.8671165174653743 0.6848616844626179 0
0.5533859550176596 0.0949104579867753 0
0.08764384191115197 0.4048497960900986 0
0.6020808822058504 0.910340758137145 0
0.726934172288262 0.6835047745372488 0
0.7495201899772261 0.6063123989012806 0
0.398073601439347 0.5864655298492518 0
0.7385322630687734 0.5598967929503316 0
0.5684578999455099 0.9496667511830035 0
0.6383043613136223 0.878467563510822 0
0.7175368851016357 0.464362209486606 0
0.6706171375773637 0.4492449545431132 0
0.9570041732497035 0.5251515289390706 0
0.9131458030469566 0.5519553817671399 0
0.9162586545877469 0.5006429542584179 0
0.9571656812431852 0.475362174786608 0
0.9173707499189826 0.4507850446531926 0
0.9151170015903768 0.4012389423359595 0
0.9563036097442046 0.3755879744086528 0
0.9120362214236537 0.3523121392945234 0
0.9554226831924941 0.3257114236326937 0
0.9037633142488678 0.2961720936052184 0
0.9153004334171371 0.2420043920171673 0
0.9568238435654834 0.6247832966197229 0
0.4341360371367641 0.5532320002270942 0
0.4807831172339428 0.5674385451428784 0
0.3617445783766794 0.6197118766261447 0
0.3870182618603198 0.5383428897853828 0
0.5250361901962856 0.04328037576904653 0
0.6041786010822628 0.08590523214927334 0
0.0402036243062036 0.4258030525083877 0
0.04090338843122424 0.5247290648194759 0
0.0876949764128048 0.547659254618533 0
0.9584908516265088 0.2234936670921649 0
0.4250511760593912 0.04321906296098665 0
0.4499362689243606 0.08532491672476826 0
0.4001343268577103 0.08355953866927829 0
0.3755082809970273 0.04254934061942404 0
0.3544384111847863 0.08355022826705846 0
0.3836564953539869 0.1298437848326175 0
0.04293718760354002 0.325010922973043 0
0.08520262549816893 0.2999893608859388 0
0.08441785603229855 0.2499998589451375 0
0.04876362616208009 0.6250423370727546 0
0.04262731713007557 0.2250133082084633 0
0.2778962091489067 0.05075936401525016 0
0.8161489490843947 0.3166722123035956 0
0.8636585424348846 0.3320937843268685 0
0.3249266968856342 0.9571360655624993 0
0.3513851762073736 0.9199466279224451 0
0.3003034841497276 0.9146315690290475 0
0.3283163484239606 0.8708512730001038 0
0.275755766695353 0.8709689939166305 0
0.2503294410844876 0.9137800421513251 0
0.2254455823549174 0.8704195021059402 0
0.2505953287249225 0.8307067037386148 0
0.2005150377759143 0.8276756613895102 0
0.1755017640878698 0.870342023751469 0
0.1506107855830424 0.8271202700789617 0
0.1270201353953864 0.8693911034179732 0
0.1755852631105987 0.783967258625704 0
0.1257291907364975 0.7837752125377491 0
0.1498206734195879 0.7412822414456766 0
0.1007230623966957 0.7431379158829283 0
0.1945463016536316 0.737923783952497 0
0.0769341660207629 0.7830485864312557 0
0.05381645713546904 0.7446943463116802 0
0.1507363073672616 0.9133467673834051 0
0.2290109500958206 0.782756031127434 0
0.2989278239742402 0.1540266124808707 0
0.9591408415338809 0.1278199700739138 0
0.04150483727979069 0.1253236162643207 0
0.08450501829409912 0.1015443625646291 0
0.0811670285755033 0.0462260786212787 0
0.1283504631455613 0.07613720496856989 0
0.8749644668862523 0.04314006622958692 0
0.9008684510775608 0.0798749831276747 0
0.8503278989299009 0.08484252524530163 0
0.04603547920840005 0.880133619897411 0
0.2489146718209787 0.3165234197597617 0
0.2751159876109374 0.9570445750893699 0
0.5161525681713802 0.5334924104121506 0
0.343324695038372 0.3459532458584214 0
0.6808018016755508 0.496970890935689 0
0.4225802015887988 0.5043405356492084 0
0.1021219033846404 0.8257069594470045 0
0.1469614744800571 0.2390503011735875 0
0.4840265913442181 0.3901185975217066 0
0.4629033613300412 0.2940232886194982 0
0.7841906195540898 0.1712935826884656 0
0.3944031348482613 0.1826209893663382 0
0.2238211739363661 0.3975869245318694 0
0.8437263474439193 0.4605794659417218 0
0.2633205660028032 0.186511021733215 0
0.3180153379342618 0.4271654725464083 0
0.1144277302414649 0.6730728763490135 0
0.106638988453663 0.4564994342680764 0
0.2003800243202118 0.9135637210150032 0
0.5094975836062583 0.3090478149372539 0
0.3579624160371681 0.2163233426945408 0
0.2563102298734603 0.5419907628408442 0
0.679196736803461 0.09416354957436288 0
0.1753153648084838 0.9567596967663645 0
0.2417633317225942 0.6718550942959404 0
0.6641192456280718 0.2235728350742478 0
0.5305898764514368 0.404916388488243 0
0.3726994501025512 0.6677805802349073 0
0.6342758710174139 0.4820237435869298 0
0.6244920065045382 0.04303106413464081 0
0.7325744303421651 0.3347796711976673 0
0.6025780331219588 0.3386188479275009 0
0.3541784573152449 0.393937172603067 0
0.3609393011955369 0.7975873799026268 0
0.6547617302110287 0.5767683852981196 0
0.8262098693901289 0.1327586762180929 0
0.6173593409036351 0.2092844465192881 0
0.5946851075451014 0.6887050286749853 0
0.09341705811147098 0.9099761354344705 0
0.2092709440741951 0.5272983408709569 0
0.769085514963767 0.3014806076895356 0
0.1726242510432472 0.5600992041982328 0
0.519983793365957 0.3570528795324406 0
0.3071532470932452 0.3792405071600642 0
0.8262468720959486 0.3646040901032285 0
0.7271494889817598 0.0394488217862507 0
0.5559622312754153 0.32387595799888 0
0.2230977465521725 0.04455781767056164 0
0.2599929917745285 0.3644875367661893 0
0.5271823335536285 0.5808615844477394 0
0.5024454885136975 0.6605127690129138 0
0.5594881282265677 0.7213973206727289 0
0.4284371947702723 0.9549679007433609 0
0.6914480835679733 0.5445326405821369 0
0.2128367867520735 0.3498261454576129 0
0.1668357377056239 0.3358030876315847 0
0.5453608128726042 0.2759572378600386 0
0.4765403675722086 0.7436346551394126 0
0.5351201681858804 0.2275883471496557 0
0.4914967111259326 0.6142466935812387 0
0.3470249671807362 0.1690199196636471 0
0.5711161675851512 0.1947343277164875 0
0.5127473621794718 0.7085658207465588 0
0.8656014470259891 0.555400842186476 0
0.4868245968962371 0.7934315065304093 0
0.4989668674777382 0.08590082470406014 0
0.0820371058605282 0.2014986821238459 0
0.08445546362110401 0.350000801391833 0
0.606888451816419 0.1620525953987197 0
0.4975844750675337 0.8416736323269342 0
0.2977038746636012 0.8309897697005866 0
0.5113231181434645 0.8848514165607374 0
0.9117081921509139 0.1562028879565932 0
0.955471435709178 0.07811794741931455 0
0.07554315484381559 0.9590958917525506 0
0.8717954231593046 0.3814702868576479 0
0.1660195792597385 0.1034144892729179 0
0.7622213226003963 0.6524182781175448 0
0.2679566911198008 0.7673547895635816 0
0.8111046348389498 0.6675188618198504 0
0.8002072567811802 0.08289436259424174 0
0.133156557171172 0.5433744218926373 0
0.8849258975526942 0.6470613637755206 0
0.9248632057273846 0.5981993293057206 0
0.07600607900214384 0.7043436344025806 0
0.1232685679707017 0.3208867460277778 0
0.1994122202360811 0.07943806853222349 0
0.6193178664660849 0.8311833149432721 0
0.877865592765833 0.4303797418445073 0
0.2078655295081285 0.6977244469971139 0
0.3833472407304555 0.889735635814454 0
0.08350693062439753 0.1546098607446612 0
0.3315143128625386 0.1214107574779319 0
0.4742980938134536 0.9679924767775253 0
0.4684344687283738 0.1219045309678713 0
0.9248894901812366 0.2000528001428717 0
0.7757400477196202 0.04084217744525137 0
0.08340289373256878 0.8621649535110383 0
0.6614759624292528 0.7920700387932915 0
0.1249999999997592 0.03349439362463563 0
0.9601896228718626 0.6644878288143177 0
0.08141609321490573 0.59216488824374 0
0.03583410314383562 0.7806719764203232 0
0.66452713008704 0.9610167747542717 0
0.07594670513043672 0.4963803746024511 0
0.6429092028602029 0.07912074609036723 0
0.8830658697766618 0.4784575204927759 0
0.1178506794406466 0.270341532618841 0
0.9633974596214198 0.0366025403785173 0
0.03660254037856588 0.03660254037864849 0
0.03660254037857699 0.9633974596214026 0
0.5944051241747448 0.1247224623779157 0
0.1219048926595093 0.7112407182633518 0
0.8781355843729243 0.1194020743856795 0
0.07656095999606997 0.6597296166905293 0
0.8762092367884753 0.2527043558586317 0
0.3360723104316841 0.8273021026297616 0
0.5272723649356703 0.9220433412855393 0
0.4250910780615835 0.1130932675982399 0
0.396391101347654 0.9274007128747406 0
0.3150553104803618 0.07814159435944702 0
0.2739530900906432 0.801022789284591 0
0.9201060563838692 0.6356832838744486 0
0.9220117848818243 0.1140454558904508 0
0.7105820871228334 0.07537341582528066 0
0.6374685848180903 0.9238830260709363 0
0.8882565742324445 0.523695858165844 0
0.0682951028791718 0.4499740698171588 0
0.110612832387627 0.2240435355011652 0
0.03416459274155072 0.7120524793391472 0
2 15 0 20
578
579
580
581
582
583
584
585
586
587
588
589
590
591
592
593
594
595
596
597
0.5249999999987545 0 0.025
0.1249999999997592 0 0.02499999999999997
0.4749999999987617 0 0.025
0.2749999999993393 0 0.025
0.2249999999994851 0 0.02499999999999999
0.3249999999991934 0 0.025
0.1749999999996308 0 0.02500000000000004
0.3749999999990479 0 0.025
0.4249999999989021 0 0.025
0.6749999999991443 0 0.02499999999999996
0.9249999999998026 0 0.02499999999999988
0.5749999999988811 0 0.025
0.7249999999992763 0 0.025
0.8249999999995389 0 0.02499999999999999
0.8749999999996713 0 0.02499999999999999
0.9749999999999341 0 0.025
0.6249999999990127 0 0.02499999999999996
0.7749999999994068 0 0.02499999999999996
0.07499999999985715 0 0.025
0.02499999999994983 0 0.025
2 19 0 14
598
599
600
601
602
603
604
605
606
607
608
609
610
611
1 0.3749999999991654 0.02499999999999997
1 0.2249999999994539 0.02500000000000004
1 0.1249999999997354 0.02499999999999999
1 0.3249999999991697 0.02499999999999997
1 0.07499999999984903 0.025
1 0.2749999999993119 0.02500000000000008
1 0.1749999999995961 0.02499999999999993
1 0.4249999999992993 0.02499999999999995
1 0.6249999999997938 0.02499999999999997
1 0.6749999999999308 0.025
1 0.5749999999996617 0.02500000000000004
1 0.4749999999994307 0.02499999999999998
1 0.5249999999995457 0.02499999999999999
1 0.02499999999994849 0.025
2 23 0 10
612
613
614
615
616
617
618
619
620
621
0.8051652634924393 0.7718784853416288 0.02499822766690233
0.7082895967728499 0.9299640046186712 0.024991596456008
0.7718783232777162 0.8051654532445187 0.02500417222379808
0.7228363524382984 0.8851944580157698 0.02500160226723259
0.7009252754270193 0.9764562296648182 0.025
0.7442081119329801 0.8432501674670458 0.02500401007270513
0.9299663907503938 0.7082890239029845 0.02498288903455141
0.9764622712724698 0.7009247998807837 0.0249828890347485
0.8432500396909475 0.7442081902344986 0.02499445402568726
0.8851949389916109 0.7228361532110292 0.02498459615928128
2 27 0 14
622
623
624
625
626
627
628
629
630
631
632
633
634
635
0.3250000000007963 1 0.02500000000000004
0.4750000000005009 1 0.02500000000000004
0.375000000000786 1 0.02500000000000003
0.425000000000638 1 0.025
0.6250000000001853 1 0.02500000000000004
0.2750000000006684 1 0.025
0.07500000000019746 1 0.02499999999999995
0.02500000000006597 1 0.025
0.6750000000000643 1 0.025
0.5250000000003899 1 0.025
0.5750000000002906 1 0.02500000000000002
0.1250000000003235 1 0.02499999999999997
0.2250000000005432 1 0.025
0.1750000000004331 1 0.025
2 31 0 20
636
637
638
639
640
641
642
643
644
645
646
647
648
649
650
651
652
653
654
655
0 0.4750000000019655 0.025
0 0.8749999999996182 0.02500000000000001
0 0.5250000000018962 0.02500000000000002
0 0.6750000000008667 0.02499999999999994
0 0.7750000000001732 0.02499999999999998
0 0.6250000000012135 0.02499999999999998
0 0.7250000000005199 0.02499999999999989
0 0.8249999999998263 0.02499999999999997
0 0.5750000000015603 0.025
0 0.9249999999996876 0.02499999999999999
0 0.9749999999998959 0.025
0 0.325000000001352 0.025
0 0.2250000000009361 0.025
0 0.1750000000007277 0.025
0 0.1250000000005207 0.025
0 0.4250000000017685 0.025
0 0.3750000000015602 0.025
0 0.2750000000011446 0.025
0 0.07500000000031148 0.025
0 0.02500000000010427 0.025
2 32 0 421
656
657
658
659
660
661
662
663
664
665
666
667
668
669
670
671
672
673
674
675
676
677
678
679
680
681
682
683
684
685
686
687
688
689
690
691
692
693
694
695
696
697
698
699
700
701
702
703
704
705
706
707
708
709
710
711
712
713
714
715
716
717
718
719
720
721
722
723
724
725
726
727
728
729
730
731
732
733
734
735
736
737
738
739
740
741
742
743
744
745
746
747
748
749
750
751
752
753
754
755
756
757
758
759
760
761
762
763
764
765
766
767
768
769
770
771
772
773
774
775
776
777
778
779
780
781
782
783
784
785
786
787
788
789
790
791
792
793
794
795
796
797
798
799
800
801
802
803
804
805
806
807
808
809
810
811
812
813
814
815
816
817
818
819
820
821
822
823
824
825
826
827
828
829
830
831
832
833
834
835
836
837
838
839
840
841
842
843
844
845
846
847
848
849
850
851
852
853
854
855
856
857
858
859
860
861
862
863
864
865
866
867
868
869
870
871
872
873
874
875
876
877
878
879
880
881
882
883
884
885
886
887
888
889
890
891
892
893
894
895
896
897
898
899
900
901
902
903
904
905
906
907
908
909
910
911
912
913
914
915
916
917
918
919
920
921
922
923
924
925
926
927
928
929
930
931
932
933
934
935
936
937
938
939
940
941
942
943
944
945
946
947
948
949
950
951
952
953
954
955
956
957
958
959
960
961
962
963
964
965
966
967
968
969
970
971
972
973
974
975
976
977
978
979
980
981
982
983
984
985
986
987
988
989
990
991
992
993
994
995
996
997
998
999
1000
1001
1002
1003
1004
1005
1006
1007
1008
1009
1010
1011
1012
1013
1014
1015
1016
1017
1018
1019
1020
1021
1022
1023
1024
1025
1026
1027
1028
1029
1030
1031
1032
1033
1034
1035
1036
1037
1038
1039
1040
1041
1042
1043
1044
1045
1046
1047
1048
1049
1050
1051
1052
1053
1054
1055
1056
1057
1058
1059
1060
1061
1062
1063
1064
1065
1066
1067
1068
1069
1070
1071
1072
1073
1074
1075
1076
0.4750119152449546 0.04292695306657235 0.05
0.7437578993273821 0.7784796191182692 0.05
0.04198153085749578 0.4749944491379716 0.05
0.9563733362430991 0.425453238398623 0.05
0.3744008720659142 0.9591991507256374 0.05
0.6756916316600164 0.04774408795761971 0.05
0.04082872272415571 0.6747398251345254 0.05
0.04330108307031147 0.2750318733057127 0.05
0.3275808128555067 0.04190655935629562 0.05
0.9557604544405129 0.2753406205461775 0.05
0.8209602698357413 0.713076120413807 0.05
0.5171663004547821 0.9610060656428604 0.05
0.2251363035444379 0.9567197737933479 0.05
0.8249999999995391 0.04330127018933595 0.05
0.1699286543588457 0.04871170691484884 0.05
0.04841989256294618 0.8256169493583327 0.05
0.6860253223293579 0.8699474307073376 0.05
0.9581043317076731 0.5749606747557564 0.05
0.5756790216665316 0.0451421557743757 0.05
0.958241719218897 0.1748024271412555 0.05
0.04330127018940205 0.3750000000015604 0.05
0.0416480921467408 0.1750027650225733 0.05
0.04240079342054526 0.5734489693790714 0.05
0.1256395536181243 0.9569279184064308 0.05
0.6235417969062456 0.957476624239189 0.05
0.9156045726799495 0.6750066345548851 0.05
0.9247879874482652 0.04233845348780704 0.05
0.04218322164213256 0.07693691646373363 0.05
0.04301877589794238 0.9266295660920314 0.05
0.7807375718664009 0.7434750552981935 0.05
0.7343248208968358 0.7302980247409062 0.05
0.698185816570672 0.7642913120156214 0.05
0.6880720782412284 0.7168707427595936 0.05
0.6518924525953812 0.74826077680912 0.05
0.6408363586117642 0.7027473030380051 0.05
0.6773810394617426 0.6702077672382633 0.05
0.6301778352492549 0.6561472158673038 0.05
0.6655631529523918 0.6236675304050998 0.05
0.6192294778217016 0.6093235401161274 0.05
0.5837952232369373 0.6419971875838852 0.05
0.5731626035758106 0.5949329847994843 0.05
0.608697586695147 0.5621485055041537 0.05
0.562486333258673 0.547779381337073 0.05
0.5378162953621086 0.627904835045185 0.05
0.5982272151055565 0.5147710453559431 0.05
0.5517844388068518 0.5003161088342554 0.05
0.5876900594405084 0.4672531934471379 0.05
0.5411953842419777 0.4526410051466441 0.05
0.5052393611559318 0.4857820451324708 0.05
0.4946407574160233 0.4380045890417844 0.05
0.4586656625696445 0.4710968829247654 0.05
0.4479554559099256 0.423289371354902 0.05
0.5771318319420836 0.4195873400221791 0.05
0.4118489857386652 0.4565206171998007 0.05
0.4011259059336328 0.4086334923838238 0.05
0.6237376650661967 0.4342915969555926 0.05
0.6131661611194491 0.3864909538030878 0.05
0.4372962091996924 0.3753583965780107 0.05
0.390379622980794 0.3606717454414655 0.05
0.3649751514021629 0.4418814554300915 0.05
0.375874936089612 0.4899907374494687 0.05
0.6599708965619481 0.4012909991066997 0.05
0.6493197302770628 0.3532897143013361 0.05
0.3288271564913607 0.4752163465908988 0.05
0.3397702504034529 0.5234164357545009 0.05
0.4266109527023476 0.3273458629994432 0.05
0.3795552662609015 0.3125935901189917 0.05
0.6961890413077878 0.3680648774099895 0.05
0.7068047391726509 0.4161211862355174 0.05
0.6855616013851275 0.3199834750703409 0.05
0.6385736032329106 0.3052141829997694 0.05
0.2926141632203811 0.5086076848826082 0.05
0.3034470185913594 0.5566875530698149 0.05
0.2817809609261178 0.460472154696151 0.05
0.4159058410759687 0.2791880624257613 0.05
0.3687854406769755 0.2643913753465217 0.05
0.332384345861737 0.2978669234207892 0.05
0.3215798457021355 0.2495734068808535 0.05
0.285117406401016 0.2831182784608338 0.05
0.6748710034957608 0.2718307573198611 0.05
0.6277672562440524 0.2570463983301099 0.05
0.7219709312466691 0.2866438106882561 0.05
0.2742863787228871 0.2347298736711455 0.05
0.3507567267839342 0.5715713832125364 0.05
0.3144566117267897 0.6049063266092747 0.05
0.2671722811464828 0.5901435253674651 0.05
0.2780706386475329 0.6383232749336492 0.05
0.325430979583555 0.6530831314232886 0.05
0.2889944154682805 0.6865297007675115 0.05
0.336296053074555 0.7012057251269443 0.05
0.300646186414429 0.7345952242562627 0.05
0.3473152832695997 0.749335135138915 0.05
0.2475792580822283 0.7261713151748849 0.05
0.7430986975764955 0.3828914804188606 0.05
0.7537585829157717 0.4310175469378796 0.05
0.6053529114182639 0.735266058036754 0.05
0.7112868948476391 0.2383460249076091 0.05
0.2454960414875906 0.4938815945010613 0.05
0.2346572860685338 0.4457103259933118 0.05
0.758517379150352 0.2531809554600662 0.05
0.4051935335785377 0.2309531186794165 0.05
0.2377578061618326 0.2683402176471891 0.05
0.2269047306824187 0.2198661884424991 0.05
0.312507452550509 0.7869020814978873 0.05
0.2308095753505307 0.6236434034185859 0.05
0.3835297041902806 0.7158250785890232 0.05
0.3944439854935254 0.7639269564971853 0.05
0.4523525741832886 0.2457775449301785 0.05
0.7477927299702538 0.2047856224394255 0.05
0.790087509318657 0.39777245000884 0.05
0.8006835619684006 0.4458699220669147 0.05
0.7643887438436969 0.4791037777912036 0.05
0.8112447255860488 0.4939561052620123 0.05
0.7951542946159632 0.2197021292243696 0.05
0.7138602392743882 0.6378835887180598 0.05
0.4304123458947288 0.7301742441640586 0.05
0.4410381807131503 0.7783058509143175 0.05
0.7004580286744023 0.1899330369502441 0.05
0.3107875742363622 0.2013812462304683 0.05
0.4693997362328921 0.5188088950226837 0.05
0.8058659570104046 0.268132467232216 0.05
0.5665701753588943 0.3718493776001406 0.05
0.4197052498263408 0.6823020832893576 0.05
0.4416440648218846 0.197477703805328 0.05
0.4886384522230364 0.2123803741537572 0.05
0.1982855986632022 0.4791811373218506 0.05
0.187429645829284 0.4309064564204238 0.05
0.6156207659304208 0.782348834550849 0.05
0.1903338373420249 0.2535233237672447 0.05
0.179446478343459 0.2049797711035808 0.05
0.4054060633455384 0.8120565351383581 0.05
0.4523974757904902 0.8266499740356046 0.05
0.2160809541845174 0.1712986823083911 0.05
0.7370130427893227 0.156290961329295 0.05
0.6445813472393075 0.5296107802841037 0.05
0.7749515882170114 0.5270545517086709 0.05
0.8214537261136604 0.541932887577165 0.05
0.8532458195953666 0.5091683213937217 0.05
0.4992714041201503 0.2607264654752339 0.05
0.5696488218020681 0.7680625818793102 0.05
0.5790292054988146 0.8155534719472732 0.05
0.2710038184566519 0.4123122899934385 0.05
0.168981756980512 0.1568300243768123 0.05
0.2014883000159048 0.3018171182460128 0.05
0.840072954380396 0.2351835749628803 0.05
0.8314365824951506 0.1861755298567927 0.05
0.8520531741838933 0.2843598035352646 0.05
0.4790693511549223 0.165020577142339 0.05
0.5254257337604382 0.1788439686923296 0.05
0.4314496848726941 0.1516417068082987 0.05
0.83571395837968 0.412295029436147 0.05
0.1566407202750261 0.2880793931794389 0.05
0.150995459152398 0.4644723428505396 0.05
0.1628002167052348 0.5125027514502327 0.05
0.1401123400191208 0.416083410002212 0.05
0.4663237825253888 0.6953907618367869 0.05
0.7855300610964262 0.5748636434659516 0.05
0.831757240995557 0.5896770255126473 0.05
0.689572630320046 0.1414187963194152 0.05
0.5146740254585486 0.1304226636441641 0.05
0.5606766186957827 0.14809894387148 0.05
0.4175690935883383 0.8600004495674045 0.05
0.3690575910010166 0.845685104148576 0.05
0.7021333236281697 0.5918174197439643 0.05
0.4734637179176707 0.3421160833807859 0.05
0.5484601885278215 0.6746750868512348 0.05
0.4636653088275805 0.8748370848678816 0.05
0.4557386893473541 0.6480030136685029 0.05
0.5918095530195645 0.2905937571205252 0.05
0.7966012678712799 0.6219765457414346 0.05
0.653356485594214 0.175412813596076 0.05
0.6382178458018185 0.1234438150221366 0.05
0.7253293415589016 0.1105046970121779 0.05
0.7726222318116776 0.1232822319819388 0.05
0.1281054413966972 0.1886018301172454 0.05
0.1232410887685291 0.1356879083753531 0.05
0.206203292068902 0.1236820224696998 0.05
0.2529359342163932 0.137763527265915 0.05
0.8456663473013376 0.6361412064741157 0.05
0.2413493955702313 0.08843776656104736 0.05
0.408957656308774 0.6344451323925093 0.05
0.4450143427448643 0.6007594141702133 0.05
0.7278780355850099 0.5121315742806144 0.05
0.5338067248759139 0.8014807947260864 0.05
0.544385631073351 0.8497655544063734 0.05
0.5897938152849844 0.8630868138432402 0.05
0.7796160474478057 0.349713237804456 0.05
0.2199061755594292 0.5753661011888841 0.05
0.1835055373235293 0.6089960336496283 0.05
0.194799118593462 0.6560797347366968 0.05
0.147054793154537 0.6424213594259253 0.05
0.1611479104951719 0.6939766042413722 0.05
0.1288163162599702 0.5894408847928383 0.05
0.8782291959058416 0.6045612501765246 0.05
0.2961054143861497 0.3312869565910093 0.05
0.5812266921487517 0.2425376646674518 0.05
0.1766120401840078 0.3825895967318022 0.05
0.1303970734983514 0.3682235593196084 0.05
0.7740620839595697 0.6966393357095835 0.05
0.5232262177111471 0.7557843309662761 0.05
0.8807062544927259 0.2037606265071776 0.05
0.8648821129662011 0.1585030531279114 0.05
0.1182426324451269 0.5036254015931645 0.05
0.2862879451380839 0.1042581989178781 0.05
0.09951161080159288 0.6278672063829797 0.05
0.7520835405564279 0.07940861010167989 0.05
0.4273814161353489 0.9085445891324804 0.05
0.5579903821738764 0.8984047883017121 0.05
0.7062038307684654 0.8164537305681981 0.05
0.6628416702301292 0.8361751079032618 0.05
0.6736849231985349 0.9153257254066964 0.05
0.4758869738412119 0.9239884175014049 0.05
0.8671165174653743 0.6848616844626179 0.05
0.5533859550176596 0.0949104579867753 0.05
0.08764384191115197 0.4048497960900986 0.05
0.6020808822058504 0.910340758137145 0.05
0.726934172288262 0.6835047745372488 0.05
0.7495201899772261 0.6063123989012806 0.05
0.398073601439347 0.5864655298492518 0.05
0.7385322630687734 0.5598967929503316 0.05
0.5684578999455099 0.9496667511830035 0.05
0.6383043613136223 0.878467563510822 0.05
0.7175368851016357 0.464362209486606 0.05
0.6706171375773637 0.4492449545431132 0.05
0.9570041732497035 0.5251515289390706 0.05
0.9131458030469566 0.5519553817671399 0.05
0.9162586545877469 0.5006429542584179 0.05
0.9571656812431852 0.475362174786608 0.05
0.9173707499189826 0.4507850446531926 0.05
0.9151170015903768 0.4012389423359595 0.05
0.9563036097442046 0.3755879744086528 0.05
0.9120362214236537 0.3523121392945234 0.05
0.9554226831924941 0.3257114236326937 0.05
0.9037633142488678 0.2961720936052184 0.05
0.9153004334171371 0.2420043920171674 0.05
0.9568238435654834 0.6247832966197229 0.05
0.4341360371367641 0.5532320002270942 0.05
0.4807831172339428 0.5674385451428784 0.05
0.3617445783766794 0.6197118766261447 0.05
0.3870182618603198 0.5383428897853828 0.05
0.5250361901962856 0.04328037576904653 0.05
0.6041786010822628 0.08590523214927334 0.05
0.0402036243062036 0.4258030525083877 0.05
0.04090338843122424 0.5247290648194759 0.05
0.0876949764128048 0.547659254618533 0.05
0.9584908516265088 0.2234936670921649 0.05
0.4250511760593912 0.04321906296098665 0.05
0.4499362689243606 0.08532491672476826 0.05
0.4001343268577103 0.08355953866927829 0.05
0.3755082809970273 0.04254934061942404 0.05
0.3544384111847863 0.08355022826705846 0.05
0.3836564953539869 0.1298437848326175 0.05
0.04293718760354002 0.325010922973043 0.05
0.08520262549816893 0.2999893608859388 0.05
0.08441785603229855 0.2499998589451375 0.05
0.04876362616208009 0.6250423370727546 0.05
0.04262731713007557 0.2250133082084633 0.05
0.2778962091489067 0.05075936401525016 0.05
0.8161489490843947 0.3166722123035956 0.05
0.8636585424348846 0.3320937843268685 0.05
0.3249266968856342 0.9571360655624993 0.05
0.3513851762073736 0.9199466279224451 0.05
0.3003034841497276 0.9146315690290475 0.05
0.3283163484239606 0.8708512730001038 0.05
0.275755766695353 0.8709689939166305 0.05
0.2503294410844876 0.9137800421513251 0.05
0.2254455823549174 0.8704195021059402 0.05
0.2505953287249225 0.8307067037386148 0.05
0.2005150377759143 0.8276756613895102 0.05
0.1755017640878698 0.870342023751469 0.05
0.1506107855830424 0.8271202700789617 0.05
0.1270201353953864 0.8693911034179732 0.05
0.1755852631105987 0.783967258625704 0.05
0.1257291907364975 0.7837752125377491 0.05
0.1498206734195879 0.7412822414456766 0.05
0.1007230623966957 0.7431379158829283 0.05
0.1945463016536316 0.737923783952497 0.05
0.0769341660207629 0.7830485864312557 0.05
0.05381645713546904 0.7446943463116802 0.05
0.1507363073672616 0.9133467673834051 0.05
0.2290109500958206 0.782756031127434 0.05
0.2989278239742402 0.1540266124808707 0.05
0.9591408415338809 0.1278199700739136 0.05
0.04150483727979069 0.1253236162643207 0.05
0.08450501829409912 0.1015443625646291 0.05
0.0811670285755033 0.0462260786212787 0.05
0.1283504631455613 0.07613720496856989 0.05
0.8749644668862523 0.04314006622958692 0.05
0.9008684510775611 0.07987498312767451 0.05
0.8503278989299012 0.08484252524530159 0.05
0.04603547920840005 0.880133619897411 0.05
0.2489146718209787 0.3165234197597617 0.05
0.2751159876109374 0.9570445750893699 0.05
0.5161525681713802 0.5334924104121506 0.05
0.343324695038372 0.3459532458584214 0.05
0.6808018016755508 0.496970890935689 0.05
0.4225802015887988 0.5043405356492084 0.05
0.1021219033846404 0.8257069594470045 0.05
0.1469614744800571 0.2390503011735875 0.05
0.4840265913442181 0.3901185975217066 0.05
0.4629033613300412 0.2940232886194982 0.05
0.7841906195540898 0.1712935826884656 0.05
0.3944031348482613 0.1826209893663382 0.05
0.2238211739363661 0.3975869245318694 0.05
0.8437263474439193 0.4605794659417218 0.05
0.2633205660028032 0.186511021733215 0.05
0.3180153379342618 0.4271654725464083 0.05
0.1144277302414649 0.6730728763490135 0.05
0.106638988453663 0.4564994342680764 0.05
0.2003800243202118 0.9135637210150032 0.05
0.5094975836062583 0.3090478149372539 0.05
0.3579624160371681 0.2163233426945408 0.05
0.2563102298734603 0.5419907628408442 0.05
0.679196736803461 0.09416354957436288 0.05
0.1753153648084838 0.9567596967663645 0.05
0.2417633317225942 0.6718550942959404 0.05
0.6641192456280718 0.2235728350742478 0.05
0.5305898764514368 0.404916388488243 0.05
0.3726994501025512 0.6677805802349073 0.05
0.6342758710174139 0.4820237435869298 0.05
0.6244920065045382 0.04303106413464081 0.05
0.7325744303421651 0.3347796711976673 0.05
0.6025780331219588 0.3386188479275009 0.05
0.3541784573152449 0.393937172603067 0.05
0.3609393011955369 0.7975873799026268 0.05
0.6547617302110287 0.5767683852981196 0.05
0.826209869390129 0.1327586762180929 0.05
0.6173593409036351 0.2092844465192881 0.05
0.5946851075451014 0.6887050286749853 0.05
0.09341705811147098 0.9099761354344705 0.05
0.2092709440741951 0.5272983408709569 0.05
0.769085514963767 0.3014806076895356 0.05
0.1726242510432472 0.5600992041982328 0.05
0.519983793365957 0.3570528795324406 0.05
0.3071532470932452 0.3792405071600642 0.05
0.8262468720959486 0.3646040901032285 0.05
0.7271494889817598 0.0394488217862507 0.05
0.5559622312754153 0.32387595799888 0.05
0.2230977465521725 0.04455781767056164 0.05
0.2599929917745285 0.3644875367661893 0.05
0.5271823335536285 0.5808615844477394 0.05
0.5024454885136975 0.6605127690129138 0.05
0.5594881282265677 0.7213973206727289 0.05
0.4284371947702723 0.9549679007433609 0.05
0.6914480835679733 0.5445326405821369 0.05
0.2128367867520735 0.3498261454576129 0.05
0.1668357377056239 0.3358030876315847 0.05
0.5453608128726042 0.2759572378600386 0.05
0.4765403675722086 0.7436346551394126 0.05
0.5351201681858804 0.2275883471496557 0.05
0.4914967111259326 0.6142466935812387 0.05
0.3470249671807362 0.1690199196636471 0.05
0.5711161675851512 0.1947343277164875 0.05
0.5127473621794718 0.7085658207465588 0.05
0.8656014470259891 0.555400842186476 0.05
0.4868245968962371 0.7934315065304093 0.05
0.4989668674777382 0.08590082470406014 0.05
0.0820371058605282 0.2014986821238459 0.05
0.08445546362110401 0.350000801391833 0.05
0.606888451816419 0.1620525953987197 0.05
0.4975844750675337 0.8416736323269342 0.05
0.2977038746636012 0.8309897697005866 0.05
0.5113231181434645 0.8848514165607374 0.05
0.9117081921509139 0.156202887956593 0.05
0.955471435709178 0.0781179474193144 0.05
0.07554315484381559 0.9590958917525506 0.05
0.8717954231593046 0.3814702868576479 0.05
0.1660195792597385 0.1034144892729179 0.05
0.7622213226003963 0.6524182781175448 0.05
0.2679566911198008 0.7673547895635816 0.05
0.8111046348389498 0.6675188618198504 0.05
0.8002072567811803 0.08289436259424174 0.05
0.133156557171172 0.5433744218926373 0.05
0.8849258975526942 0.6470613637755206 0.05
0.9248632057273846 0.5981993293057206 0.05
0.07600607900214384 0.7043436344025806 0.05
0.1232685679707017 0.3208867460277778 0.05
0.1994122202360811 0.07943806853222349 0.05
0.6193178664660849 0.8311833149432721 0.05
0.877865592765833 0.4303797418445073 0.05
0.2078655295081285 0.6977244469971139 0.05
0.3833472407304555 0.889735635814454 0.05
0.08350693062439753 0.1546098607446612 0.05
0.3315143128625386 0.1214107574779319 0.05
0.4742980938134536 0.9679924767775253 0.05
0.4684344687283738 0.1219045309678713 0.05
0.9248894901812366 0.2000528001428716 0.05
0.7757400477196202 0.04084217744525137 0.05
0.08340289373256878 0.8621649535110383 0.05
0.6614759624292528 0.7920700387932915 0.05
0.1249999999997592 0.03349439362463563 0.05
0.9601896228718626 0.6644878288143177 0.05
0.08141609321490573 0.59216488824374 0.05
0.03583410314383562 0.7806719764203232 0.05
0.66452713008704 0.9610167747542717 0.05
0.07594670513043672 0.4963803746024511 0.05
0.6429092028602029 0.07912074609036723 0.05
0.8830658697766618 0.4784575204927759 0.05
0.1178506794406466 0.270341532618841 0.05
0.9633974596214196 0.03660254037851742 0.05
0.03660254037856588 0.03660254037864849 0.05
0.03660254037857699 0.9633974596214026 0.05
0.5944051241747448 0.1247224623779157 0.05
0.1219048926595093 0.7112407182633518 0.05
0.8781355843729248 0.1194020743856794 0.05
0.07656095999606997 0.6597296166905293 0.05
0.8762092367884753 0.2527043558586317 0.05
0.3360723104316841 0.8273021026297616 0.05
0.5272723649356703 0.9220433412855393 0.05
0.4250910780615835 0.1130932675982399 0.05
0.396391101347654 0.9274007128747406 0.05
0.3150553104803618 0.07814159435944702 0.05
0.2739530900906432 0.801022789284591 0.05
0.9201060563838692 0.6356832838744486 0.05
0.9220117848818247 0.1140454558904499 0.05
0.7105820871228334 0.07537341582528066 0.05
0.6374685848180903 0.9238830260709363 0.05
0.8882565742324445 0.523695858165844 0.05
0.0682951028791718 0.4499740698171588 0.05
0.110612832387627 0.2240435355011652 0.05
0.03416459274155072 0.7120524793391472 0.05
3 1 0 18
1077
1078
1079
1080
1081
1082
1083
1084
1085
1086
1087
1088
1089
1090
1091
1092
1093
1094
0.1257675753903832 0.8120137395826272 0.02544935965517403
0.4726497116512006 0.5941298772472805 0.02492492586603286
0.1935272431166985 0.3293356170807292 0.02502678578399199
0.09897774570730736 0.07628490412043289 0.02524384767225171
0.9049975494935152 0.1293433551282638 0.02496299734738551
0.1707067359395783 0.7867704982314101 0.025
0.2429411784518515 0.3173641939679695 0.025
0.4378798344972382 0.5572420801533859 0.025
0.8647894409570285 0.1652916787348984 0.02500000000000029
0.1588981065794488 0.2930506701388204 0.025
0.1793172180689104 0.3773211465986178 0.025
0.4582277281172591 0.6420627174306278 0.02500000000000001
0.5215494840051574 0.5827379674231546 0.025
0.08221946657294883 0.7868907790520965 0.025
0.8957799226879843 0.08155345014214735 0.02499999999999961
0.1253476084336523 0.8613651471522047 0.025
0.9515754235745555 0.1436088847436653 0.02500000000000032
0.04762798283099569 0.07600972752212329 0.025
$EndNodes
$Elements
4 5068 1 5068
2 1 2 918
1 1 11 557 
2 74 1 557 
3 29 2 556 
4 2 30 556 
5 55 3 558 
6 3 56 558 
7 42 4 548 
8 4 75 548 
9 5 43 551 
10 83 5 551 
11 11 12 442 
12 11 442 557 
13 12 13 547 
14 442 12 547 
15 13 14 171 
16 13 171 547 
17 14 15 495 
18 171 14 495 
19 15 16 414 
20 15 414 495 
21 16 17 165 
22 16 165 414 
23 17 18 406 
24 165 17 406 
25 18 19 403 
26 18 403 406 
27 19 20 157 
28 19 157 403 
29 20 21 397 
30 157 20 397 
31 21 22 175 
32 21 175 397 
33 22 23 477 
34 175 22 477 
35 23 24 162 
36 23 162 477 
37 24 25 493 
38 162 24 493 
39 25 26 544 
40 493 25 544 
41 26 27 170 
42 26 170 544 
43 27 28 444 
44 170 27 444 
45 28 29 183 
46 28 183 444 
47 183 29 556 
48 30 31 521 
49 30 521 556 
50 31 32 439 
51 31 439 521 
52 32 33 176 
53 32 176 439 
54 33 34 402 
55 176 33 402 
56 34 35 166 
57 34 166 402 
58 35 36 389 
59 166 35 389 
60 36 37 387 
61 36 387 389 
62 37 38 160 
63 37 160 387 
64 38 39 384 
65 160 38 384 
66 39 40 381 
67 39 381 384 
68 40 41 174 
69 40 174 381 
70 41 42 392 
71 174 41 392 
72 392 42 548 
73 43 44 181 
74 43 181 551 
75 44 45 377 
76 181 44 377 
77 45 46 168 
78 45 168 377 
79 46 47 541 
80 168 46 541 
81 47 48 500 
82 47 500 541 
83 48 49 161 
84 48 161 500 
85 49 50 417 
86 161 49 417 
87 50 51 449 
88 417 50 449 
89 51 52 169 
90 51 169 449 
91 52 53 471 
92 169 52 471 
93 53 54 180 
94 53 180 471 
95 54 55 522 
96 180 54 522 
97 522 55 558 
98 56 57 185 
99 56 185 558 
100 57 58 447 
101 185 57 447 
102 58 59 172 
103 58 172 447 
104 59 60 550 
105 172 59 550 
106 60 61 577 
107 60 435 550 
108 435 60 577 
109 61 62 163 
110 61 163 577 
111 62 63 412 
112 163 62 412 
113 63 64 179 
114 63 179 412 
115 64 65 400 
116 179 64 400 
117 65 66 159 
118 65 159 400 
119 66 67 399 
120 159 66 399 
121 67 68 177 
122 67 177 399 
123 68 69 409 
124 177 68 409 
125 69 70 164 
126 69 164 409 
127 70 71 413 
128 164 70 413 
129 71 72 178 
130 71 178 413 
131 72 73 440 
132 178 72 440 
133 73 74 184 
134 73 184 440 
135 184 74 557 
136 75 76 182 
137 75 182 548 
138 76 77 369 
139 182 76 369 
140 77 78 167 
141 77 167 369 
142 78 79 186 
143 167 78 186 
144 79 80 158 
145 79 158 186 
146 80 81 365 
147 158 80 365 
148 81 82 173 
149 81 173 365 
150 82 83 367 
151 173 82 367 
152 367 83 551 
153 157 397 513 
154 403 157 404 
155 404 157 513 
156 186 158 187 
157 187 158 188 
158 188 158 365 
159 159 399 575 
160 400 159 552 
161 552 159 575 
162 160 384 385 
163 160 385 386 
164 160 386 387 
165 161 417 418 
166 161 418 567 
167 500 161 567 
168 162 470 553 
169 470 162 572 
170 477 162 553 
171 162 493 572 
172 163 412 562 
173 532 163 562 
174 163 532 577 
175 409 164 410 
176 410 164 411 
177 411 164 413 
178 165 406 407 
179 165 407 568 
180 414 165 568 
181 166 389 390 
182 166 390 391 
183 166 391 402 
184 167 186 355 
185 167 355 527 
186 369 167 527 
187 368 168 541 
188 168 368 565 
189 377 168 565 
190 169 422 449 
191 422 169 466 
192 466 169 471 
193 170 444 446 
194 170 446 528 
195 170 528 544 
196 443 171 524 
197 171 443 547 
198 171 495 534 
199 524 171 534 
200 172 434 454 
201 434 172 550 
202 447 172 545 
203 172 454 545 
204 365 173 366 
205 366 173 378 
206 173 367 378 
207 381 174 382 
208 382 174 531 
209 174 392 531 
210 175 370 397 
211 370 175 398 
212 398 175 477 
213 176 402 543 
214 439 176 520 
215 520 176 543 
216 177 371 399 
217 371 177 515 
218 177 409 515 
219 413 178 514 
220 178 440 539 
221 514 178 539 
222 179 400 401 
223 179 401 549 
224 412 179 549 
225 180 436 471 
226 436 180 486 
227 486 180 522 
228 372 181 377 
229 181 372 573 
230 551 181 573 
231 182 369 530 
232 182 530 570 
233 548 182 570 
234 444 183 445 
235 445 183 521 
236 521 183 556 
237 440 184 441 
238 441 184 442 
239 442 184 557 
240 185 447 486 
241 185 486 522 
242 185 522 558 
243 186 187 355 
244 187 188 189 
245 187 189 373 
246 355 187 373 
247 189 188 190 
248 190 188 546 
249 188 365 546 
250 189 190 191 
251 189 191 192 
252 189 192 373 
253 191 190 252 
254 252 190 284 
255 284 190 546 
256 192 191 193 
257 193 191 485 
258 191 252 485 
259 192 193 194 
260 192 194 271 
261 192 271 373 
262 194 193 195 
263 195 193 196 
264 196 193 485 
265 194 195 482 
266 271 194 320 
267 320 194 482 
268 195 196 197 
269 195 197 198 
270 195 198 482 
271 197 196 200 
272 200 196 322 
273 322 196 485 
274 198 197 199 
275 199 197 497 
276 197 200 497 
277 198 199 201 
278 198 201 291 
279 198 291 482 
280 201 199 202 
281 202 199 450 
282 450 199 497 
283 200 322 498 
284 497 200 507 
285 200 498 507 
286 201 202 203 
287 201 203 476 
288 291 201 476 
289 203 202 204 
290 204 202 205 
291 205 202 450 
292 203 204 209 
293 203 209 212 
294 203 212 476 
295 204 205 206 
296 204 206 474 
297 209 204 474 
298 206 205 207 
299 207 205 276 
300 276 205 450 
301 206 207 208 
302 206 208 456 
303 206 456 474 
304 208 207 210 
305 210 207 453 
306 207 276 453 
307 208 210 211 
308 208 211 214 
309 208 214 456 
310 212 209 213 
311 213 209 278 
312 278 209 474 
313 211 210 216 
314 216 210 217 
315 217 210 453 
316 214 211 215 
317 215 211 480 
318 211 216 480 
319 212 213 218 
320 212 218 380 
321 212 380 476 
322 218 213 219 
323 219 213 479 
324 213 278 479 
325 214 215 222 
326 214 222 321 
327 214 321 456 
328 222 215 223 
329 223 215 451 
330 451 215 480 
331 216 217 220 
332 216 220 463 
333 216 463 480 
334 220 217 221 
335 221 217 396 
336 396 217 453 
337 218 219 224 
338 218 224 225 
339 218 225 380 
340 224 219 226 
341 226 219 227 
342 227 219 479 
343 220 221 228 
344 220 228 230 
345 220 230 463 
346 228 221 229 
347 229 221 240 
348 240 221 396 
349 222 223 231 
350 222 231 457 
351 321 222 457 
352 231 223 232 
353 232 223 233 
354 233 223 451 
355 225 224 250 
356 224 226 478 
357 250 224 478 
358 225 250 251 
359 225 251 379 
360 225 379 380 
361 226 227 236 
362 226 236 238 
363 226 238 478 
364 236 227 237 
365 237 227 325 
366 325 227 479 
367 228 229 469 
368 230 228 254 
369 254 228 469 
370 229 240 241 
371 229 241 242 
372 229 242 469 
373 230 254 255 
374 230 255 298 
375 230 298 463 
376 231 232 257 
377 231 257 264 
378 231 264 457 
379 232 233 234 
380 232 234 468 
381 257 232 468 
382 234 233 235 
383 235 233 351 
384 351 233 451 
385 234 235 239 
386 234 239 275 
387 234 275 468 
388 239 235 258 
389 258 235 448 
390 235 351 448 
391 236 237 473 
392 238 236 253 
393 253 236 473 
394 237 325 352 
395 237 352 484 
396 473 237 484 
397 238 253 256 
398 238 256 488 
399 478 238 488 
400 239 258 259 
401 239 259 462 
402 275 239 462 
403 241 240 395 
404 240 375 395 
405 375 240 396 
406 242 241 243 
407 243 241 244 
408 244 241 395 
409 242 243 261 
410 242 261 344 
411 242 344 469 
412 243 244 245 
413 243 245 472 
414 261 243 472 
415 245 244 246 
416 246 244 475 
417 244 395 475 
418 245 246 247 
419 245 247 249 
420 245 249 472 
421 247 246 248 
422 248 246 262 
423 262 246 475 
424 247 248 260 
425 249 247 526 
426 247 260 526 
427 260 248 481 
428 248 262 263 
429 248 263 481 
430 433 249 437 
431 249 433 537 
432 437 249 526 
433 472 249 537 
434 251 250 266 
435 266 250 343 
436 343 250 478 
437 251 266 267 
438 251 267 268 
439 251 268 379 
440 252 284 296 
441 252 296 499 
442 485 252 499 
443 256 253 265 
444 265 253 274 
445 274 253 473 
446 255 254 282 
447 282 254 487 
448 254 469 487 
449 255 282 283 
450 255 283 460 
451 298 255 460 
452 256 265 270 
453 256 270 277 
454 256 277 488 
455 264 257 280 
456 280 257 459 
457 459 257 468 
458 259 258 285 
459 285 258 300 
460 300 258 448 
461 259 285 286 
462 259 286 289 
463 259 289 462 
464 260 481 564 
465 518 260 564 
466 260 518 569 
467 526 260 569 
468 344 261 345 
469 345 261 346 
470 346 261 472 
471 263 262 272 
472 272 262 279 
473 279 262 475 
474 263 272 273 
475 263 273 287 
476 263 287 481 
477 264 280 281 
478 264 281 295 
479 264 295 457 
480 270 265 458 
481 265 274 290 
482 265 290 458 
483 267 266 307 
484 307 266 492 
485 266 343 492 
486 268 267 269 
487 269 267 461 
488 267 307 461 
489 268 269 292 
490 268 292 339 
491 268 339 379 
492 292 269 293 
493 293 269 294 
494 294 269 461 
495 277 270 301 
496 301 270 302 
497 302 270 458 
498 271 320 374 
499 373 271 525 
500 271 374 525 
501 273 272 505 
502 272 279 312 
503 272 312 505 
504 287 273 288 
505 288 273 512 
506 273 505 512 
507 290 274 315 
508 315 274 327 
509 327 274 473 
510 438 275 462 
511 275 438 508 
512 468 275 508 
513 393 276 394 
514 276 393 453 
515 394 276 450 
516 277 301 303 
517 277 303 415 
518 277 415 488 
519 278 474 490 
520 479 278 494 
521 278 490 494 
522 312 279 324 
523 324 279 337 
524 337 279 475 
525 281 280 304 
526 304 280 306 
527 306 280 459 
528 295 281 506 
529 281 304 305 
530 281 305 506 
531 283 282 309 
532 309 282 310 
533 310 282 487 
534 283 309 311 
535 283 311 353 
536 283 353 460 
537 296 284 297 
538 297 284 535 
539 535 284 546 
540 286 285 455 
541 285 300 308 
542 285 308 455 
543 289 286 299 
544 299 286 331 
545 331 286 455 
546 287 288 318 
547 287 318 319 
548 287 319 481 
549 318 288 323 
550 323 288 517 
551 288 512 517 
552 289 299 333 
553 289 333 334 
554 289 334 462 
555 290 315 329 
556 290 329 330 
557 290 330 458 
558 452 291 476 
559 291 452 501 
560 482 291 501 
561 292 293 313 
562 292 313 376 
563 339 292 376 
564 293 294 511 
565 313 293 314 
566 314 293 511 
567 294 461 554 
568 511 294 574 
569 294 554 574 
570 457 295 467 
571 467 295 504 
572 504 295 506 
573 296 297 340 
574 296 340 356 
575 296 356 499 
576 340 297 341 
577 341 297 342 
578 342 297 535 
579 298 460 496 
580 463 298 491 
581 491 298 496 
582 299 331 332 
583 299 332 524 
584 333 299 524 
585 308 300 503 
586 300 448 502 
587 300 502 503 
588 301 302 357 
589 303 301 563 
590 301 357 563 
591 357 302 358 
592 358 302 483 
593 302 458 483 
594 303 390 416 
595 390 303 563 
596 415 303 416 
597 305 304 316 
598 304 306 542 
599 316 304 542 
600 305 316 317 
601 305 317 509 
602 506 305 509 
603 408 306 459 
604 306 408 566 
605 542 306 566 
606 461 307 536 
607 307 492 523 
608 307 523 536 
609 455 308 555 
610 308 503 533 
611 308 533 555 
612 309 310 359 
613 311 309 465 
614 309 359 465 
615 359 310 529 
616 310 487 489 
617 310 489 529 
618 353 311 354 
619 354 311 371 
620 371 311 465 
621 312 324 498 
622 312 498 510 
623 505 312 510 
624 313 314 326 
625 313 326 374 
626 313 374 376 
627 326 314 335 
628 335 314 350 
629 350 314 511 
630 315 327 328 
631 315 328 470 
632 329 315 470 
633 317 316 370 
634 370 316 513 
635 513 316 542 
636 317 370 559 
637 509 317 516 
638 516 317 559 
639 319 318 538 
640 318 323 363 
641 318 363 538 
642 420 319 538 
643 319 420 564 
644 481 319 564 
645 374 320 376 
646 376 320 501 
647 320 482 501 
648 456 321 490 
649 321 457 467 
650 321 467 490 
651 322 485 499 
652 498 322 510 
653 322 499 510 
654 363 323 368 
655 368 323 519 
656 323 517 519 
657 324 337 338 
658 324 338 507 
659 498 324 507 
660 352 325 504 
661 325 479 494 
662 325 494 504 
663 326 335 527 
664 374 326 525 
665 525 326 527 
666 328 327 516 
667 327 473 484 
668 327 484 516 
669 328 398 553 
670 398 328 559 
671 470 328 553 
672 328 516 559 
673 330 329 362 
674 362 329 572 
675 329 470 572 
676 330 362 528 
677 458 330 483 
678 483 330 528 
679 332 331 539 
680 331 455 576 
681 331 514 539 
682 514 331 576 
683 332 441 443 
684 441 332 539 
685 332 443 524 
686 334 333 336 
687 336 333 534 
688 333 524 534 
689 334 336 360 
690 334 360 438 
691 334 438 462 
692 335 350 530 
693 335 369 527 
694 369 335 530 
695 360 336 414 
696 414 336 495 
697 495 336 534 
698 338 337 375 
699 375 337 395 
700 395 337 475 
701 338 375 393 
702 338 393 394 
703 338 394 507 
704 339 376 501 
705 379 339 452 
706 452 339 501 
707 340 341 517 
708 356 340 512 
709 512 340 517 
710 341 342 364 
711 341 364 519 
712 517 341 519 
713 364 342 372 
714 372 342 378 
715 378 342 535 
716 415 343 488 
717 343 415 492 
718 343 478 488 
719 344 345 489 
720 469 344 487 
721 487 344 489 
722 345 346 347 
723 345 347 349 
724 345 349 489 
725 347 346 348 
726 348 346 537 
727 346 472 537 
728 347 348 464 
729 349 347 361 
730 361 347 464 
731 431 348 433 
732 348 431 560 
733 433 348 537 
734 464 348 560 
735 349 361 549 
736 349 401 529 
737 401 349 549 
738 489 349 529 
739 382 350 511 
740 350 382 531 
741 530 350 570 
742 350 531 570 
743 448 351 496 
744 351 451 491 
745 351 491 496 
746 484 352 509 
747 352 504 506 
748 352 506 509 
749 353 354 503 
750 460 353 502 
751 502 353 503 
752 354 371 515 
753 503 354 533 
754 354 515 533 
755 355 373 525 
756 355 525 527 
757 499 356 510 
758 356 505 510 
759 505 356 512 
760 357 358 520 
761 391 357 543 
762 357 391 563 
763 357 520 543 
764 358 483 561 
765 520 358 561 
766 401 359 529 
767 359 401 552 
768 465 359 552 
769 360 414 568 
770 438 360 540 
771 540 360 568 
772 361 412 549 
773 412 361 562 
774 361 464 562 
775 362 493 544 
776 493 362 572 
777 528 362 544 
778 363 368 500 
779 363 500 567 
780 538 363 567 
781 364 372 377 
782 364 377 565 
783 519 364 565 
784 365 366 546 
785 366 378 535 
786 366 535 546 
787 378 367 573 
788 367 551 573 
789 500 368 541 
790 368 519 565 
791 397 370 513 
792 370 398 559 
793 399 371 575 
794 371 465 575 
795 372 378 573 
796 393 375 396 
797 380 379 452 
798 380 452 476 
799 381 382 383 
800 381 383 384 
801 383 382 574 
802 382 511 574 
803 384 383 385 
804 385 383 554 
805 554 383 574 
806 386 385 536 
807 536 385 554 
808 387 386 388 
809 388 386 523 
810 523 386 536 
811 387 388 389 
812 389 388 390 
813 390 388 416 
814 416 388 523 
815 391 390 563 
816 402 391 543 
817 531 392 570 
818 392 548 570 
819 393 396 453 
820 394 450 497 
821 394 497 507 
822 398 477 553 
823 401 400 552 
824 403 404 405 
825 403 405 406 
826 405 404 566 
827 404 513 542 
828 404 542 566 
829 406 405 407 
830 407 405 408 
831 408 405 566 
832 407 408 540 
833 407 540 568 
834 408 459 508 
835 408 508 540 
836 409 410 515 
837 410 411 555 
838 515 410 533 
839 533 410 555 
840 411 413 514 
841 411 514 576 
842 555 411 576 
843 415 416 492 
844 492 416 523 
845 418 417 419 
846 419 417 449 
847 418 419 420 
848 418 420 538 
849 418 538 567 
850 420 419 421 
851 421 419 422 
852 422 419 449 
853 420 421 518 
854 420 518 564 
855 421 422 423 
856 421 423 424 
857 421 424 518 
858 423 422 466 
859 424 423 425 
860 425 423 426 
861 426 423 466 
862 424 425 437 
863 424 437 569 
864 518 424 569 
865 425 426 427 
866 425 427 429 
867 425 429 437 
868 427 426 428 
869 428 426 436 
870 436 426 466 
871 427 428 454 
872 429 427 430 
873 430 427 454 
874 428 436 486 
875 454 428 545 
876 428 486 545 
877 429 430 431 
878 429 431 433 
879 429 433 437 
880 431 430 432 
881 432 430 434 
882 434 430 454 
883 431 432 560 
884 432 434 435 
885 432 435 532 
886 432 532 560 
887 435 434 550 
888 532 435 577 
889 436 466 471 
890 437 526 569 
891 508 438 540 
892 439 520 571 
893 521 439 571 
894 440 441 539 
895 441 442 443 
896 443 442 547 
897 444 445 446 
898 446 445 561 
899 445 521 571 
900 561 445 571 
901 446 483 528 
902 483 446 561 
903 486 447 545 
904 448 496 502 
905 451 480 491 
906 455 555 576 
907 474 456 490 
908 459 468 508 
909 496 460 502 
910 461 536 554 
911 480 463 491 
912 532 464 560 
913 464 532 562 
914 465 552 575 
915 490 467 494 
916 494 467 504 
917 484 509 516 
918 520 561 571 
2 15 2 80
919 1 597 6 
920 11 597 1 
921 7 593 2 
922 2 593 29 
923 6 597 84 
924 102 593 7 
925 12 596 11 
926 11 596 84 
927 84 597 11 
928 13 579 12 
929 579 596 12 
930 14 584 13 
931 13 584 579 
932 15 582 14 
933 582 584 14 
934 16 581 15 
935 581 582 15 
936 17 583 16 
937 16 583 581 
938 18 585 17 
939 17 585 583 
940 19 586 18 
941 18 586 585 
942 20 580 19 
943 580 586 19 
944 21 578 20 
945 578 580 20 
946 22 589 21 
947 94 578 21 
948 21 589 94 
949 23 594 22 
950 95 589 22 
951 22 594 95 
952 24 587 23 
953 23 587 96 
954 96 594 23 
955 25 590 24 
956 97 587 24 
957 24 590 97 
958 26 595 25 
959 98 590 25 
960 25 595 98 
961 27 591 26 
962 26 591 99 
963 99 595 26 
964 28 592 27 
965 100 591 27 
966 27 592 100 
967 29 588 28 
968 28 588 101 
969 101 592 28 
970 102 588 29 
971 29 593 102 
972 84 596 85 
973 85 579 86 
974 85 596 579 
975 86 584 87 
976 579 584 86 
977 87 582 88 
978 87 584 582 
979 88 581 89 
980 88 582 581 
981 89 583 90 
982 581 583 89 
983 90 585 91 
984 583 585 90 
985 91 586 92 
986 585 586 91 
987 92 580 93 
988 92 586 580 
989 93 578 94 
990 93 580 578 
991 94 589 95 
992 95 594 96 
993 96 587 97 
994 97 590 98 
995 98 595 99 
996 99 591 100 
997 100 592 101 
998 101 588 102 
2 32 2 918
999 6 84 1056 
1000 156 6 1056 
1001 102 7 1055 
1002 7 103 1055 
1003 115 8 1047 
1004 8 116 1047 
1005 124 9 1050 
1006 9 125 1050 
1007 137 10 1057 
1008 10 138 1057 
1009 84 85 941 
1010 84 941 1056 
1011 85 86 1046 
1012 941 85 1046 
1013 86 87 670 
1014 86 670 1046 
1015 87 88 994 
1016 670 87 994 
1017 88 89 913 
1018 88 913 994 
1019 89 90 664 
1020 89 664 913 
1021 90 91 905 
1022 664 90 905 
1023 91 92 902 
1024 91 902 905 
1025 92 93 656 
1026 92 656 902 
1027 93 94 896 
1028 656 93 896 
1029 94 95 674 
1030 94 674 896 
1031 95 96 976 
1032 674 95 976 
1033 96 97 661 
1034 96 661 976 
1035 97 98 992 
1036 661 97 992 
1037 98 99 1043 
1038 992 98 1043 
1039 99 100 669 
1040 99 669 1043 
1041 100 101 943 
1042 669 100 943 
1043 101 102 682 
1044 101 682 943 
1045 682 102 1055 
1046 103 104 1020 
1047 103 1020 1055 
1048 104 105 938 
1049 104 938 1020 
1050 105 106 675 
1051 105 675 938 
1052 106 107 901 
1053 675 106 901 
1054 107 108 665 
1055 107 665 901 
1056 108 109 888 
1057 665 108 888 
1058 109 110 886 
1059 109 886 888 
1060 110 111 659 
1061 110 659 886 
1062 111 112 883 
1063 659 111 883 
1064 112 113 880 
1065 112 880 883 
1066 113 114 673 
1067 113 673 880 
1068 114 115 891 
1069 673 114 891 
1070 891 115 1047 
1071 116 117 681 
1072 116 681 1047 
1073 117 118 868 
1074 681 117 868 
1075 118 119 666 
1076 118 666 868 
1077 119 120 685 
1078 666 119 685 
1079 120 121 657 
1080 120 657 685 
1081 121 122 864 
1082 657 121 864 
1083 122 123 672 
1084 122 672 864 
1085 123 124 866 
1086 672 123 866 
1087 866 124 1050 
1088 125 126 680 
1089 125 680 1050 
1090 126 127 876 
1091 680 126 876 
1092 127 128 667 
1093 127 667 876 
1094 128 129 1040 
1095 667 128 1040 
1096 129 130 999 
1097 129 999 1040 
1098 130 131 660 
1099 130 660 999 
1100 131 132 916 
1101 660 131 916 
1102 132 133 948 
1103 916 132 948 
1104 133 134 668 
1105 133 668 948 
1106 134 135 970 
1107 668 134 970 
1108 135 136 679 
1109 135 679 970 
1110 136 137 1021 
1111 679 136 1021 
1112 1021 137 1057 
1113 138 139 684 
1114 138 684 1057 
1115 139 140 946 
1116 684 139 946 
1117 140 141 671 
1118 140 671 946 
1119 141 142 1049 
1120 671 141 1049 
1121 142 143 1076 
1122 142 934 1049 
1123 934 142 1076 
1124 143 144 662 
1125 143 662 1076 
1126 144 145 911 
1127 662 144 911 
1128 145 146 678 
1129 145 678 911 
1130 146 147 899 
1131 678 146 899 
1132 147 148 658 
1133 147 658 899 
1134 148 149 898 
1135 658 148 898 
1136 149 150 676 
1137 149 676 898 
1138 150 151 908 
1139 676 150 908 
1140 151 152 663 
1141 151 663 908 
1142 152 153 912 
1143 663 152 912 
1144 153 154 677 
1145 153 677 912 
1146 154 155 939 
1147 677 154 939 
1148 155 156 683 
1149 155 683 939 
1150 683 156 1056 
1151 656 896 1012 
1152 902 656 903 
1153 903 656 1012 
1154 685 657 686 
1155 686 657 687 
1156 687 657 864 
1157 658 898 1074 
1158 899 658 1051 
1159 1051 658 1074 
1160 659 883 884 
1161 659 884 885 
1162 659 885 886 
1163 660 916 917 
1164 660 917 1066 
1165 999 660 1066 
1166 661 969 1052 
1167 969 661 1071 
1168 976 661 1052 
1169 661 992 1071 
1170 662 911 1061 
1171 1031 662 1061 
1172 662 1031 1076 
1173 908 663 909 
1174 909 663 910 
1175 910 663 912 
1176 664 905 906 
1177 664 906 1067 
1178 913 664 1067 
1179 665 888 889 
1180 665 889 890 
1181 665 890 901 
1182 666 685 854 
1183 666 854 1026 
1184 868 666 1026 
1185 867 667 1040 
1186 667 867 1064 
1187 876 667 1064 
1188 668 921 948 
1189 921 668 965 
1190 965 668 970 
1191 669 943 945 
1192 669 945 1027 
1193 669 1027 1043 
1194 942 670 1023 
1195 670 942 1046 
1196 670 994 1033 
1197 1023 670 1033 
1198 671 933 953 
1199 933 671 1049 
1200 946 671 1044 
1201 671 953 1044 
1202 864 672 865 
1203 865 672 877 
1204 672 866 877 
1205 880 673 881 
1206 881 673 1030 
1207 673 891 1030 
1208 674 869 896 
1209 869 674 897 
1210 897 674 976 
1211 675 901 1042 
1212 938 675 1019 
1213 1019 675 1042 
1214 676 870 898 
1215 870 676 1014 
1216 676 908 1014 
1217 912 677 1013 
1218 677 939 1038 
1219 1013 677 1038 
1220 678 899 900 
1221 678 900 1048 
1222 911 678 1048 
1223 679 935 970 
1224 935 679 985 
1225 985 679 1021 
1226 871 680 876 
1227 680 871 1072 
1228 1050 680 1072 
1229 681 868 1029 
1230 681 1029 1069 
1231 1047 681 1069 
1232 943 682 944 
1233 944 682 1020 
1234 1020 682 1055 
1235 939 683 940 
1236 940 683 941 
1237 941 683 1056 
1238 684 946 985 
1239 684 985 1021 
1240 684 1021 1057 
1241 685 686 854 
1242 686 687 688 
1243 686 688 872 
1244 854 686 872 
1245 688 687 689 
1246 689 687 1045 
1247 687 864 1045 
1248 688 689 690 
1249 688 690 691 
1250 688 691 872 
1251 690 689 751 
1252 751 689 783 
1253 783 689 1045 
1254 691 690 692 
1255 692 690 984 
1256 690 751 984 
1257 691 692 693 
1258 691 693 770 
1259 691 770 872 
1260 693 692 694 
1261 694 692 695 
1262 695 692 984 
1263 693 694 981 
1264 770 693 819 
1265 819 693 981 
1266 694 695 696 
1267 694 696 697 
1268 694 697 981 
1269 696 695 699 
1270 699 695 821 
1271 821 695 984 
1272 697 696 698 
1273 698 696 996 
1274 696 699 996 
1275 697 698 700 
1276 697 700 790 
1277 697 790 981 
1278 700 698 701 
1279 701 698 949 
1280 949 698 996 
1281 699 821 997 
1282 996 699 1006 
1283 699 997 1006 
1284 700 701 702 
1285 700 702 975 
1286 790 700 975 
1287 702 701 703 
1288 703 701 704 
1289 704 701 949 
1290 702 703 708 
1291 702 708 711 
1292 702 711 975 
1293 703 704 705 
1294 703 705 973 
1295 708 703 973 
1296 705 704 706 
1297 706 704 775 
1298 775 704 949 
1299 705 706 707 
1300 705 707 955 
1301 705 955 973 
1302 707 706 709 
1303 709 706 952 
1304 706 775 952 
1305 707 709 710 
1306 707 710 713 
1307 707 713 955 
1308 711 708 712 
1309 712 708 777 
1310 777 708 973 
1311 710 709 715 
1312 715 709 716 
1313 716 709 952 
1314 713 710 714 
1315 714 710 979 
1316 710 715 979 
1317 711 712 717 
1318 711 717 879 
1319 711 879 975 
1320 717 712 718 
1321 718 712 978 
1322 712 777 978 
1323 713 714 721 
1324 713 721 820 
1325 713 820 955 
1326 721 714 722 
1327 722 714 950 
1328 950 714 979 
1329 715 716 719 
1330 715 719 962 
1331 715 962 979 
1332 719 716 720 
1333 720 716 895 
1334 895 716 952 
1335 717 718 723 
1336 717 723 724 
1337 717 724 879 
1338 723 718 725 
1339 725 718 726 
1340 726 718 978 
1341 719 720 727 
1342 719 727 729 
1343 719 729 962 
1344 727 720 728 
1345 728 720 739 
1346 739 720 895 
1347 721 722 730 
1348 721 730 956 
1349 820 721 956 
1350 730 722 731 
1351 731 722 732 
1352 732 722 950 
1353 724 723 749 
1354 723 725 977 
1355 749 723 977 
1356 724 749 750 
1357 724 750 878 
1358 724 878 879 
1359 725 726 735 
1360 725 735 737 
1361 725 737 977 
1362 735 726 736 
1363 736 726 824 
1364 824 726 978 
1365 727 728 968 
1366 729 727 753 
1367 753 727 968 
1368 728 739 740 
1369 728 740 741 
1370 728 741 968 
1371 729 753 754 
1372 729 754 797 
1373 729 797 962 
1374 730 731 756 
1375 730 756 763 
1376 730 763 956 
1377 731 732 733 
1378 731 733 967 
1379 756 731 967 
1380 733 732 734 
1381 734 732 850 
1382 850 732 950 
1383 733 734 738 
1384 733 738 774 
1385 733 774 967 
1386 738 734 757 
1387 757 734 947 
1388 734 850 947 
1389 735 736 972 
1390 737 735 752 
1391 752 735 972 
1392 736 824 851 
1393 736 851 983 
1394 972 736 983 
1395 737 752 755 
1396 737 755 987 
1397 977 737 987 
1398 738 757 758 
1399 738 758 961 
1400 774 738 961 
1401 740 739 894 
1402 739 874 894 
1403 874 739 895 
1404 741 740 742 
1405 742 740 743 
1406 743 740 894 
1407 741 742 760 
1408 741 760 843 
1409 741 843 968 
1410 742 743 744 
1411 742 744 971 
1412 760 742 971 
1413 744 743 745 
1414 745 743 974 
1415 743 894 974 
1416 744 745 746 
1417 744 746 748 
1418 744 748 971 
1419 746 745 747 
1420 747 745 761 
1421 761 745 974 
1422 746 747 759 
1423 748 746 1025 
1424 746 759 1025 
1425 759 747 980 
1426 747 761 762 
1427 747 762 980 
1428 932 748 936 
1429 748 932 1036 
1430 936 748 1025 
1431 971 748 1036 
1432 750 749 765 
1433 765 749 842 
1434 842 749 977 
1435 750 765 766 
1436 750 766 767 
1437 750 767 878 
1438 751 783 795 
1439 751 795 998 
1440 984 751 998 
1441 755 752 764 
1442 764 752 773 
1443 773 752 972 
1444 754 753 781 
1445 781 753 986 
1446 753 968 986 
1447 754 781 782 
1448 754 782 959 
1449 797 754 959 
1450 755 764 769 
1451 755 769 776 
1452 755 776 987 
1453 763 756 779 
1454 779 756 958 
1455 958 756 967 
1456 758 757 784 
1457 784 757 799 
1458 799 757 947 
1459 758 784 785 
1460 758 785 788 
1461 758 788 961 
1462 759 980 1063 
1463 1017 759 1063 
1464 759 1017 1068 
1465 1025 759 1068 
1466 843 760 844 
1467 844 760 845 
1468 845 760 971 
1469 762 761 771 
1470 771 761 778 
1471 778 761 974 
1472 762 771 772 
1473 762 772 786 
1474 762 786 980 
1475 763 779 780 
1476 763 780 794 
1477 763 794 956 
1478 769 764 957 
1479 764 773 789 
1480 764 789 957 
1481 766 765 806 
1482 806 765 991 
1483 765 842 991 
1484 767 766 768 
1485 768 766 960 
1486 766 806 960 
1487 767 768 791 
1488 767 791 838 
1489 767 838 878 
1490 791 768 792 
1491 792 768 793 
1492 793 768 960 
1493 776 769 800 
1494 800 769 801 
1495 801 769 957 
1496 770 819 873 
1497 872 770 1024 
1498 770 873 1024 
1499 772 771 1004 
1500 771 778 811 
1501 771 811 1004 
1502 786 772 787 
1503 787 772 1011 
1504 772 1004 1011 
1505 789 773 814 
1506 814 773 826 
1507 826 773 972 
1508 937 774 961 
1509 774 937 1007 
1510 967 774 1007 
1511 892 775 893 
1512 775 892 952 
1513 893 775 949 
1514 776 800 802 
1515 776 802 914 
1516 776 914 987 
1517 777 973 989 
1518 978 777 993 
1519 777 989 993 
1520 811 778 823 
1521 823 778 836 
1522 836 778 974 
1523 780 779 803 
1524 803 779 805 
1525 805 779 958 
1526 794 780 1005 
1527 780 803 804 
1528 780 804 1005 
1529 782 781 808 
1530 808 781 809 
1531 809 781 986 
1532 782 808 810 
1533 782 810 852 
1534 782 852 959 
1535 795 783 796 
1536 796 783 1034 
1537 1034 783 1045 
1538 785 784 954 
1539 784 799 807 
1540 784 807 954 
1541 788 785 798 
1542 798 785 830 
1543 830 785 954 
1544 786 787 817 
1545 786 817 818 
1546 786 818 980 
1547 817 787 822 
1548 822 787 1016 
1549 787 1011 1016 
1550 788 798 832 
1551 788 832 833 
1552 788 833 961 
1553 789 814 828 
1554 789 828 829 
1555 789 829 957 
1556 951 790 975 
1557 790 951 1000 
1558 981 790 1000 
1559 791 792 812 
1560 791 812 875 
1561 838 791 875 
1562 792 793 1010 
1563 812 792 813 
1564 813 792 1010 
1565 793 960 1053 
1566 1010 793 1073 
1567 793 1053 1073 
1568 956 794 966 
1569 966 794 1003 
1570 1003 794 1005 
1571 795 796 839 
1572 795 839 855 
1573 795 855 998 
1574 839 796 840 
1575 840 796 841 
1576 841 796 1034 
1577 797 959 995 
1578 962 797 990 
1579 990 797 995 
1580 798 830 831 
1581 798 831 1023 
1582 832 798 1023 
1583 807 799 1002 
1584 799 947 1001 
1585 799 1001 1002 
1586 800 801 856 
1587 802 800 1062 
1588 800 856 1062 
1589 856 801 857 
1590 857 801 982 
1591 801 957 982 
1592 802 889 915 
1593 889 802 1062 
1594 914 802 915 
1595 804 803 815 
1596 803 805 1041 
1597 815 803 1041 
1598 804 815 816 
1599 804 816 1008 
1600 1005 804 1008 
1601 907 805 958 
1602 805 907 1065 
1603 1041 805 1065 
1604 960 806 1035 
1605 806 991 1022 
1606 806 1022 1035 
1607 954 807 1054 
1608 807 1002 1032 
1609 807 1032 1054 
1610 808 809 858 
1611 810 808 964 
1612 808 858 964 
1613 858 809 1028 
1614 809 986 988 
1615 809 988 1028 
1616 852 810 853 
1617 853 810 870 
1618 870 810 964 
1619 811 823 997 
1620 811 997 1009 
1621 1004 811 1009 
1622 812 813 825 
1623 812 825 873 
1624 812 873 875 
1625 825 813 834 
1626 834 813 849 
1627 849 813 1010 
1628 814 826 827 
1629 814 827 969 
1630 828 814 969 
1631 816 815 869 
1632 869 815 1012 
1633 1012 815 1041 
1634 816 869 1058 
1635 1008 816 1015 
1636 1015 816 1058 
1637 818 817 1037 
1638 817 822 862 
1639 817 862 1037 
1640 919 818 1037 
1641 818 919 1063 
1642 980 818 1063 
1643 873 819 875 
1644 875 819 1000 
1645 819 981 1000 
1646 955 820 989 
1647 820 956 966 
1648 820 966 989 
1649 821 984 998 
1650 997 821 1009 
1651 821 998 1009 
1652 862 822 867 
1653 867 822 1018 
1654 822 1016 1018 
1655 823 836 837 
1656 823 837 1006 
1657 997 823 1006 
1658 851 824 1003 
1659 824 978 993 
1660 824 993 1003 
1661 825 834 1026 
1662 873 825 1024 
1663 1024 825 1026 
1664 827 826 1015 
1665 826 972 983 
1666 826 983 1015 
1667 827 897 1052 
1668 897 827 1058 
1669 969 827 1052 
1670 827 1015 1058 
1671 829 828 861 
1672 861 828 1071 
1673 828 969 1071 
1674 829 861 1027 
1675 957 829 982 
1676 982 829 1027 
1677 831 830 1038 
1678 830 954 1075 
1679 830 1013 1038 
1680 1013 830 1075 
1681 831 940 942 
1682 940 831 1038 
1683 831 942 1023 
1684 833 832 835 
1685 835 832 1033 
1686 832 1023 1033 
1687 833 835 859 
1688 833 859 937 
1689 833 937 961 
1690 834 849 1029 
1691 834 868 1026 
1692 868 834 1029 
1693 859 835 913 
1694 913 835 994 
1695 994 835 1033 
1696 837 836 874 
1697 874 836 894 
1698 894 836 974 
1699 837 874 892 
1700 837 892 893 
1701 837 893 1006 
1702 838 875 1000 
1703 878 838 951 
1704 951 838 1000 
1705 839 840 1016 
1706 855 839 1011 
1707 1011 839 1016 
1708 840 841 863 
1709 840 863 1018 
1710 1016 840 1018 
1711 863 841 871 
1712 871 841 877 
1713 877 841 1034 
1714 914 842 987 
1715 842 914 991 
1716 842 977 987 
1717 843 844 988 
1718 968 843 986 
1719 986 843 988 
1720 844 845 846 
1721 844 846 848 
1722 844 848 988 
1723 846 845 847 
1724 847 845 1036 
1725 845 971 1036 
1726 846 847 963 
1727 848 846 860 
1728 860 846 963 
1729 930 847 932 
1730 847 930 1059 
1731 932 847 1036 
1732 963 847 1059 
1733 848 860 1048 
1734 848 900 1028 
1735 900 848 1048 
1736 988 848 1028 
1737 881 849 1010 
1738 849 881 1030 
1739 1029 849 1069 
1740 849 1030 1069 
1741 947 850 995 
1742 850 950 990 
1743 850 990 995 
1744 983 851 1008 
1745 851 1003 1005 
1746 851 1005 1008 
1747 852 853 1002 
1748 959 852 1001 
1749 1001 852 1002 
1750 853 870 1014 
1751 1002 853 1032 
1752 853 1014 1032 
1753 854 872 1024 
1754 854 1024 1026 
1755 998 855 1009 
1756 855 1004 1009 
1757 1004 855 1011 
1758 856 857 1019 
1759 890 856 1042 
1760 856 890 1062 
1761 856 1019 1042 
1762 857 982 1060 
1763 1019 857 1060 
1764 900 858 1028 
1765 858 900 1051 
1766 964 858 1051 
1767 859 913 1067 
1768 937 859 1039 
1769 1039 859 1067 
1770 860 911 1048 
1771 911 860 1061 
1772 860 963 1061 
1773 861 992 1043 
1774 992 861 1071 
1775 1027 861 1043 
1776 862 867 999 
1777 862 999 1066 
1778 1037 862 1066 
1779 863 871 876 
1780 863 876 1064 
1781 1018 863 1064 
1782 864 865 1045 
1783 865 877 1034 
1784 865 1034 1045 
1785 877 866 1072 
1786 866 1050 1072 
1787 999 867 1040 
1788 867 1018 1064 
1789 896 869 1012 
1790 869 897 1058 
1791 898 870 1074 
1792 870 964 1074 
1793 871 877 1072 
1794 892 874 895 
1795 879 878 951 
1796 879 951 975 
1797 880 881 882 
1798 880 882 883 
1799 882 881 1073 
1800 881 1010 1073 
1801 883 882 884 
1802 884 882 1053 
1803 1053 882 1073 
1804 885 884 1035 
1805 1035 884 1053 
1806 886 885 887 
1807 887 885 1022 
1808 1022 885 1035 
1809 886 887 888 
1810 888 887 889 
1811 889 887 915 
1812 915 887 1022 
1813 890 889 1062 
1814 901 890 1042 
1815 1030 891 1069 
1816 891 1047 1069 
1817 892 895 952 
1818 893 949 996 
1819 893 996 1006 
1820 897 976 1052 
1821 900 899 1051 
1822 902 903 904 
1823 902 904 905 
1824 904 903 1065 
1825 903 1012 1041 
1826 903 1041 1065 
1827 905 904 906 
1828 906 904 907 
1829 907 904 1065 
1830 906 907 1039 
1831 906 1039 1067 
1832 907 958 1007 
1833 907 1007 1039 
1834 908 909 1014 
1835 909 910 1054 
1836 1014 909 1032 
1837 1032 909 1054 
1838 910 912 1013 
1839 910 1013 1075 
1840 1054 910 1075 
1841 914 915 991 
1842 991 915 1022 
1843 917 916 918 
1844 918 916 948 
1845 917 918 919 
1846 917 919 1037 
1847 917 1037 1066 
1848 919 918 920 
1849 920 918 921 
1850 921 918 948 
1851 919 920 1017 
1852 919 1017 1063 
1853 920 921 922 
1854 920 922 923 
1855 920 923 1017 
1856 922 921 965 
1857 923 922 924 
1858 924 922 925 
1859 925 922 965 
1860 923 924 936 
1861 923 936 1068 
1862 1017 923 1068 
1863 924 925 926 
1864 924 926 928 
1865 924 928 936 
1866 926 925 927 
1867 927 925 935 
1868 935 925 965 
1869 926 927 953 
1870 928 926 929 
1871 929 926 953 
1872 927 935 985 
1873 953 927 1044 
1874 927 985 1044 
1875 928 929 930 
1876 928 930 932 
1877 928 932 936 
1878 930 929 931 
1879 931 929 933 
1880 933 929 953 
1881 930 931 1059 
1882 931 933 934 
1883 931 934 1031 
1884 931 1031 1059 
1885 934 933 1049 
1886 1031 934 1076 
1887 935 965 970 
1888 936 1025 1068 
1889 1007 937 1039 
1890 938 1019 1070 
1891 1020 938 1070 
1892 939 940 1038 
1893 940 941 942 
1894 942 941 1046 
1895 943 944 945 
1896 945 944 1060 
1897 944 1020 1070 
1898 1060 944 1070 
1899 945 982 1027 
1900 982 945 1060 
1901 985 946 1044 
1902 947 995 1001 
1903 950 979 990 
1904 954 1054 1075 
1905 973 955 989 
1906 958 967 1007 
1907 995 959 1001 
1908 960 1035 1053 
1909 979 962 990 
1910 1031 963 1059 
1911 963 1031 1061 
1912 964 1051 1074 
1913 989 966 993 
1914 993 966 1003 
1915 983 1008 1015 
1916 1019 1060 1070 
3 1 4 3152
1917 942 442 941 1080 
1918 442 942 443 1080 
1919 441 443 940 1080 
1920 443 942 940 1080 
1921 170 943 591 444 
1922 669 943 591 170 
1923 100 591 943 444 
1924 943 592 100 444 
1925 591 100 27 444 
1926 27 100 592 444 
1927 627 449 417 916 
1928 627 169 449 948 
1929 943 591 100 669 
1930 170 591 27 444 
1931 50 916 627 417 
1932 164 409 653 908 
1933 169 627 668 948 
1934 51 133 169 627 
1935 133 51 169 634 
1936 908 653 164 663 
1937 169 449 51 627 
1938 668 627 133 948 
1939 409 69 653 908 
1940 908 409 69 647 
1941 69 151 653 908 
1942 69 151 908 647 
1943 627 133 169 668 
1944 634 169 133 668 
1945 68 908 409 652 
1946 68 908 647 409 
1947 449 627 948 916 
1948 68 150 908 652 
1949 150 68 908 647 
1950 948 627 132 916 
1951 449 417 50 627 
1952 132 50 916 627 
1953 409 653 69 164 
1954 908 653 663 151 
1955 653 164 663 912 
1956 164 653 413 912 
1957 169 634 970 668 
1958 384 659 609 883 
1959 634 471 169 970 
1960 444 682 592 183 
1961 152 70 653 912 
1962 912 152 70 648 
1963 70 413 653 912 
1964 70 413 912 648 
1965 634 134 52 970 
1966 635 52 134 970 
1967 943 682 592 444 
1968 52 471 634 970 
1969 635 471 52 970 
1970 653 413 70 164 
1971 653 663 152 912 
1972 160 111 38 609 
1973 605 111 38 160 
1974 610 39 883 384 
1975 384 39 883 609 
1976 970 634 134 668 
1977 471 169 52 634 
1978 111 659 883 609 
1979 38 384 160 609 
1980 883 112 39 610 
1981 883 39 112 609 
1982 101 592 682 183 
1983 101 682 588 183 
1984 659 384 609 160 
1985 592 101 28 183 
1986 588 28 101 183 
1987 659 111 160 609 
1988 111 605 659 160 
1989 677 912 178 648 
1990 413 178 912 648 
1991 444 592 28 183 
1992 592 101 682 943 
1993 392 606 891 174 
1994 160 605 659 387 
1995 1043 669 591 544 
1996 886 659 605 387 
1997 71 153 178 648 
1998 153 71 178 649 
1999 178 153 677 648 
2000 677 153 178 649 
2001 41 114 606 174 
2002 41 114 174 608 
2003 883 880 610 384 
2004 113 40 610 174 
2005 608 40 113 174 
2006 178 413 71 648 
2007 677 153 912 648 
2008 606 673 891 174 
2009 41 606 392 174 
2010 673 891 114 606 
2011 110 37 387 605 
2012 37 110 387 598 
2013 886 605 110 387 
2014 886 110 598 387 
2015 669 591 544 170 
2016 606 114 673 174 
2017 608 673 114 174 
2018 610 673 113 174 
2019 113 673 608 174 
2020 659 605 110 886 
2021 37 605 160 387 
2022 112 883 880 610 
2023 39 610 381 384 
2024 1043 591 99 544 
2025 595 1043 99 544 
2026 898 149 67 652 
2027 67 149 898 651 
2028 381 610 880 384 
2029 908 676 409 652 
2030 939 677 178 649 
2031 174 880 610 673 
2032 591 26 99 544 
2033 595 99 26 544 
2034 673 113 880 610 
2035 40 610 174 381 
2036 150 676 908 652 
2037 68 409 177 652 
2038 154 939 72 649 
2039 72 939 154 650 
2040 477 162 976 587 
2041 178 72 440 649 
2042 677 939 154 649 
2043 174 880 381 610 
2044 669 591 99 1043 
2045 544 591 26 170 
2046 939 178 440 649 
2047 939 440 72 649 
2048 72 440 939 650 
2049 22 95 477 589 
2050 95 22 477 594 
2051 95 477 589 976 
2052 95 477 976 594 
2053 898 67 399 652 
2054 898 399 67 651 
2055 96 477 976 587 
2056 96 477 594 976 
2057 162 493 992 587 
2058 633 54 522 136 
2059 628 522 54 136 
2060 661 976 162 587 
2061 493 24 992 587 
2062 493 992 24 590 
2063 676 177 409 652 
2064 148 66 399 651 
2065 177 399 67 652 
2066 676 149 898 652 
2067 595 992 1043 544 
2068 589 674 976 477 
2069 635 180 471 970 
2070 992 661 162 587 
2071 399 676 898 652 
2072 24 97 992 587 
2073 97 24 992 590 
2074 53 135 180 635 
2075 135 53 180 633 
2076 1021 633 522 136 
2077 1021 522 628 136 
2078 1040 47 623 541 
2079 47 1040 625 541 
2080 96 23 477 587 
2081 23 96 477 594 
2082 62 662 163 639 
2083 674 976 95 589 
2084 22 589 477 175 
2085 898 148 399 651 
2086 970 135 635 679 
2087 180 471 53 635 
2088 24 493 162 587 
2089 661 992 97 587 
2090 399 177 676 652 
2091 886 598 888 387 
2092 23 162 477 587 
2093 976 661 96 587 
2094 598 36 109 389 
2095 595 493 992 544 
2096 888 109 598 886 
2097 36 598 387 389 
2098 477 589 674 175 
2099 1040 47 129 623 
2100 1040 47 625 129 
2101 992 98 25 595 
2102 25 98 992 590 
2103 500 541 625 1040 
2104 696 699 695 200 
2105 195 696 197 198 
2106 200 196 696 197 
2107 696 199 197 198 
2108 197 196 696 195 
2109 196 696 695 200 
2110 697 696 694 195 
2111 697 696 195 198 
2112 698 697 700 198 
2113 696 697 698 198 
2114 48 130 161 625 
2115 196 695 696 195 
2116 695 694 696 195 
2117 198 201 698 199 
2118 696 199 198 698 
2119 199 201 698 202 
2120 201 698 700 198 
2121 201 700 698 202 
2122 161 500 625 660 
2123 201 702 700 202 
2124 700 975 702 201 
2125 701 698 700 202 
2126 205 202 701 204 
2127 702 701 700 202 
2128 702 701 202 204 
2129 202 201 702 203 
2130 204 202 702 203 
2131 203 201 702 476 
2132 700 697 790 198 
2133 205 701 703 204 
2134 701 702 703 204 
2135 896 94 21 589 
2136 703 704 701 205 
2137 201 975 702 476 
2138 204 702 708 203 
2139 698 199 202 450 
2140 703 702 708 204 
2141 205 703 705 204 
2142 708 204 203 209 
2143 202 949 205 701 
2144 703 205 705 704 
2145 703 708 973 204 
2146 700 201 198 291 
2147 485 193 984 196 
2148 204 708 474 209 
2149 212 203 702 476 
2150 704 949 701 205 
2151 205 705 206 204 
2152 705 703 973 204 
2153 203 708 212 702 
2154 698 701 949 202 
2155 201 700 975 291 
2156 474 973 708 204 
2157 25 493 595 544 
2158 98 992 1043 595 
2159 704 705 706 205 
2160 212 702 975 476 
2161 708 203 212 209 
2162 949 202 205 450 
2163 485 984 821 196 
2164 207 709 208 706 
2165 695 984 692 196 
2166 708 209 213 278 
2167 709 707 208 706 
2168 209 212 708 213 
2169 973 206 204 474 
2170 708 474 209 278 
2171 713 707 208 710 
2172 955 206 707 705 
2173 712 213 218 219 
2174 206 973 204 705 
2175 879 476 212 975 
2176 206 706 705 205 
2177 709 207 208 210 
2178 710 707 208 709 
2179 206 207 706 205 
2180 707 206 706 705 
2181 196 692 695 195 
2182 206 208 456 707 
2183 210 710 208 709 
2184 694 695 692 195 
2185 208 206 207 706 
2186 202 949 698 450 
2187 973 456 206 474 
2188 214 208 211 713 
2189 717 712 218 219 
2190 713 208 211 710 
2191 777 973 708 474 
2192 705 955 206 973 
2193 206 208 707 706 
2194 206 955 707 456 
2195 707 208 456 713 
2196 710 210 208 211 
2197 130 161 625 660 
2198 975 201 291 476 
2199 984 695 821 196 
2200 777 989 973 474 
2201 712 708 213 278 
2202 212 712 708 213 
2203 699 821 695 200 
2204 955 707 456 713 
2205 213 212 712 218 
2206 268 768 766 269 
2207 456 820 955 713 
2208 712 717 718 219 
2209 211 713 714 214 
2210 975 711 702 212 
2211 766 268 750 767 
2212 767 768 766 268 
2213 268 766 750 267 
2214 269 766 268 267 
2215 713 211 714 710 
2216 252 191 984 485 
2217 708 712 777 278 
2218 456 973 989 474 
2219 208 214 456 713 
2220 267 766 750 266 
2221 474 708 777 278 
2222 955 456 206 973 
2223 456 214 321 713 
2224 711 708 702 212 
2225 723 717 218 219 
2226 278 993 490 494 
2227 278 989 993 777 
2228 750 268 267 251 
2229 989 278 993 490 
2230 210 715 710 709 
2231 714 211 480 710 
2232 714 721 214 713 
2233 712 213 219 479 
2234 765 750 766 266 
2235 717 212 879 218 
2236 266 750 267 251 
2237 750 765 749 266 
2238 749 750 266 251 
2239 717 712 212 218 
2240 278 978 993 494 
2241 993 777 978 278 
2242 474 777 989 278 
2243 989 474 278 490 
2244 820 456 321 713 
2245 708 711 712 212 
2246 198 790 700 291 
2247 721 321 214 713 
2248 212 717 879 711 
2249 712 213 479 278 
2250 975 879 711 212 
2251 717 712 711 212 
2252 715 211 210 710 
2253 251 266 749 250 
2254 214 211 215 714 
2255 715 480 211 710 
2256 474 989 456 490 
2257 979 714 480 710 
2258 717 723 718 219 
2259 196 821 200 695 
2260 973 456 989 955 
2261 978 777 712 278 
2262 321 721 820 713 
2263 765 842 749 266 
2264 993 978 824 494 
2265 278 479 978 494 
2266 211 480 215 714 
2267 721 214 215 714 
2268 726 718 725 219 
2269 717 724 723 218 
2270 712 718 978 479 
2271 191 984 751 252 
2272 723 218 224 219 
2273 218 212 879 380 
2274 476 879 212 380 
2275 700 790 975 291 
2276 715 979 480 710 
2277 721 956 321 820 
2278 791 792 768 293 
2279 293 812 813 314 
2280 62 144 662 639 
2281 343 749 266 250 
2282 214 215 222 721 
2283 722 721 215 714 
2284 379 251 750 225 
2285 723 725 718 219 
2286 718 712 219 479 
2287 749 343 478 250 
2288 266 842 749 343 
2289 479 978 712 278 
2290 230 962 298 463 
2291 268 878 750 767 
2292 721 222 730 722 
2293 214 222 321 721 
2294 824 479 494 978 
2295 479 824 494 325 
2296 216 211 210 715 
2297 721 215 222 722 
2298 456 989 820 490 
2299 1008 983 509 352 
2300 749 750 251 225 
2301 824 978 726 479 
2302 479 227 824 325 
2303 478 723 224 226 
2304 216 480 211 715 
2305 343 749 478 842 
2306 989 456 820 955 
2307 950 714 480 979 
2308 210 217 715 709 
2309 718 726 978 479 
2310 838 791 767 268 
2311 723 224 226 219 
2312 750 268 251 379 
2313 227 725 219 726 
2314 725 227 219 226 
2315 224 250 723 478 
2316 227 237 824 325 
2317 268 791 768 269 
2318 956 321 222 721 
2319 979 463 715 480 
2320 225 251 749 250 
2321 480 451 215 714 
2322 724 717 879 218 
2323 726 236 237 227 
2324 222 730 956 721 
2325 842 977 749 478 
2326 768 767 791 268 
2327 725 723 977 226 
2328 962 463 230 719 
2329 749 478 723 250 
2330 726 718 219 479 
2331 962 230 298 729 
2332 195 697 482 694 
2333 451 714 722 215 
2334 223 730 222 722 
2335 723 218 225 224 
2336 380 878 879 225 
2337 463 979 715 962 
2338 223 222 215 722 
2339 264 457 231 956 
2340 725 723 226 219 
2341 697 195 482 198 
2342 255 298 230 729 
2343 480 463 491 979 
2344 727 254 230 729 
2345 986 282 487 753 
2346 750 724 878 225 
2347 379 750 878 225 
2348 222 457 321 956 
2349 820 456 490 321 
2350 730 223 222 231 
2351 722 233 223 731 
2352 216 463 480 715 
2353 735 736 726 237 
2354 478 977 723 226 
2355 222 231 457 956 
2356 463 962 715 719 
2357 298 797 962 729 
2358 968 487 753 986 
2359 223 730 722 731 
2360 254 255 230 729 
2361 236 726 725 227 
2362 979 463 491 962 
2363 725 236 227 226 
2364 972 237 736 735 
2365 750 749 724 225 
2366 469 727 968 753 
2367 293 768 791 269 
2368 494 966 993 490 
2369 298 255 797 729 
2370 228 254 230 727 
2371 956 231 264 730 
2372 463 216 220 715 
2373 966 989 993 490 
2374 478 749 723 977 
2375 756 264 231 730 
2376 719 230 962 729 
2377 223 231 730 731 
2378 250 723 225 224 
2379 487 968 753 469 
2380 227 824 726 479 
2381 254 727 753 729 
2382 476 975 879 452 
2383 950 480 491 979 
2384 812 813 792 293 
2385 791 838 292 268 
2386 878 268 750 379 
2387 236 726 237 735 
2388 233 232 223 731 
2389 264 763 956 730 
2390 730 222 956 231 
2391 228 469 254 727 
2392 219 227 726 479 
2393 727 230 719 729 
2394 264 756 763 730 
2395 842 343 488 478 
2396 225 749 723 250 
2397 851 325 237 352 
2398 231 223 232 731 
2399 879 218 380 225 
2400 223 215 451 722 
2401 237 236 735 473 
2402 255 254 753 729 
2403 218 724 723 225 
2404 763 280 756 264 
2405 725 238 236 226 
2406 282 254 487 753 
2407 325 851 237 824 
2408 231 756 730 731 
2409 463 220 230 719 
2410 237 824 726 227 
2411 727 469 254 753 
2412 714 480 451 950 
2413 268 292 791 269 
2414 733 232 233 731 
2415 254 282 255 753 
2416 255 754 797 729 
2417 732 233 722 731 
2418 724 879 878 225 
2419 878 380 379 225 
2420 820 989 966 490 
2421 469 487 254 753 
2422 714 451 722 950 
2423 210 217 216 715 
2424 230 228 727 719 
2425 228 230 220 719 
2426 488 977 842 478 
2427 257 264 231 756 
2428 257 231 232 731 
2429 228 720 727 719 
2430 221 228 220 719 
2431 238 725 977 226 
2432 735 726 725 236 
2433 972 237 735 473 
2434 753 754 255 729 
2435 257 280 264 756 
2436 838 339 292 268 
2437 233 732 733 731 
2438 715 220 463 719 
2439 491 990 979 962 
2440 726 736 824 237 
2441 783 689 751 252 
2442 754 255 282 753 
2443 280 763 756 779 
2444 724 749 723 225 
2445 451 732 950 850 
2446 986 282 753 781 
2447 732 451 351 850 
2448 231 257 756 731 
2449 741 344 469 968 
2450 476 291 975 452 
2451 283 255 282 754 
2452 977 478 238 226 
2453 264 295 457 956 
2454 255 460 298 797 
2455 732 734 233 733 
2456 282 754 753 781 
2457 791 292 293 269 
2458 722 233 451 223 
2459 238 735 725 236 
2460 233 234 232 733 
2461 236 752 735 473 
2462 728 469 727 968 
2463 283 781 754 282 
2464 990 950 491 979 
2465 974 262 246 761 
2466 218 879 724 225 
2467 966 321 820 490 
2468 351 734 732 850 
2469 722 451 732 950 
2470 469 728 741 968 
2471 715 220 217 216 
2472 193 692 984 196 
2473 205 949 775 704 
2474 234 233 235 733 
2475 727 228 469 728 
2476 493 992 25 595 
2477 25 992 493 590 
2478 351 233 451 732 
2479 480 950 491 451 
2480 950 491 850 990 
2481 255 754 959 797 
2482 986 344 968 487 
2483 752 972 735 473 
2484 238 752 735 236 
2485 228 221 720 719 
2486 463 298 491 962 
2487 983 1008 851 352 
2488 325 851 1003 352 
2489 235 733 239 234 
2490 295 264 763 956 
2491 781 283 754 782 
2492 246 475 262 974 
2493 851 1003 824 325 
2494 491 950 850 451 
2495 737 735 725 238 
2496 734 235 233 733 
2497 491 351 451 850 
2498 344 968 487 469 
2499 734 233 351 732 
2500 460 255 959 797 
2501 233 722 451 732 
2502 993 824 1003 494 
2503 851 824 736 237 
2504 794 295 763 956 
2505 246 745 974 761 
2506 741 261 344 760 
2507 494 467 966 490 
2508 812 792 791 293 
2509 239 734 733 235 
2510 196 193 692 195 
2511 295 457 956 467 
2512 949 205 775 450 
2513 966 295 956 467 
2514 491 496 850 995 
2515 995 850 491 990 
2516 737 725 977 238 
2517 820 956 321 966 
2518 261 344 242 741 
2519 239 235 258 734 
2520 741 742 261 760 
2521 344 469 242 741 
2522 974 246 475 743 
2523 220 715 217 719 
2524 949 775 893 450 
2525 769 755 776 277 
2526 769 755 277 256 
2527 473 773 752 972 
2528 256 277 769 270 
2529 735 737 752 238 
2530 261 242 243 741 
2531 473 236 752 253 
2532 238 977 488 478 
2533 268 838 878 767 
2534 314 293 812 313 
2535 229 241 242 741 
2536 836 974 337 894 
2537 491 496 351 850 
2538 974 745 246 743 
2539 734 239 733 738 
2540 737 256 752 238 
2541 842 987 977 488 
2542 821 485 196 322 
2543 741 229 241 740 
2544 243 242 241 741 
2545 491 797 990 962 
2546 757 239 734 738 
2547 283 754 959 255 
2548 321 966 467 490 
2549 469 229 242 741 
2550 243 740 741 241 
2551 325 1003 824 494 
2552 755 769 764 256 
2553 797 491 298 962 
2554 256 769 764 270 
2555 351 235 233 734 
2556 232 967 257 731 
2557 244 243 241 740 
2558 475 894 337 974 
2559 764 253 274 752 
2560 236 238 752 253 
2561 239 757 734 258 
2562 193 984 191 485 
2563 265 256 764 270 
2564 740 741 229 728 
2565 727 720 228 728 
2566 228 229 469 728 
2567 742 261 243 741 
2568 959 283 255 460 
2569 758 239 757 738 
2570 217 715 709 716 
2571 238 256 752 253 
2572 879 476 452 380 
2573 291 790 975 452 
2574 295 966 956 794 
2575 274 473 752 253 
2576 488 755 277 987 
2577 704 706 775 205 
2578 257 967 756 731 
2579 755 488 277 256 
2580 776 755 987 277 
2581 338 836 874 837 
2582 740 240 229 241 
2583 246 244 475 743 
2584 740 243 741 742 
2585 256 764 752 253 
2586 740 395 244 894 
2587 244 241 395 740 
2588 728 469 741 229 
2589 259 239 258 757 
2590 894 475 337 395 
2591 243 244 743 740 
2592 243 743 742 740 
2593 221 895 720 716 
2594 797 995 491 990 
2595 491 496 995 797 
2596 522 180 633 1021 
2597 452 878 879 380 
2598 274 764 789 265 
2599 292 376 812 313 
2600 221 220 217 719 
2601 743 475 974 894 
2602 496 491 298 797 
2603 256 737 752 755 
2604 754 283 959 782 
2605 253 764 274 265 
2606 259 258 285 757 
2607 506 1008 305 509 
2608 956 457 321 467 
2609 760 344 741 843 
2610 966 956 321 467 
2611 509 506 1008 352 
2612 968 741 344 843 
2613 739 740 229 728 
2614 977 238 488 737 
2615 755 764 752 256 
2616 352 983 509 484 
2617 740 240 395 894 
2618 240 395 241 740 
2619 789 274 265 290 
2620 240 740 229 739 
2621 773 764 789 274 
2622 244 743 740 894 
2623 266 842 991 765 
2624 256 737 488 238 
2625 504 325 1003 352 
2626 739 229 221 720 
2627 993 1003 966 494 
2628 764 773 752 274 
2629 256 764 253 265 
2630 395 475 244 894 
2631 812 791 875 292 
2632 221 396 895 716 
2633 396 221 217 716 
2634 757 259 239 758 
2635 878 339 268 379 
2636 967 232 733 731 
2637 719 715 217 716 
2638 375 395 240 894 
2639 496 959 995 797 
2640 784 259 285 757 
2641 751 795 783 252 
2642 229 228 221 720 
2643 874 836 337 894 
2644 773 473 752 274 
2645 757 784 259 758 
2646 959 502 496 1001 
2647 894 740 240 739 
2648 460 496 298 797 
2649 967 232 257 468 
2650 720 739 229 728 
2651 836 338 874 337 
2652 339 878 452 379 
2653 706 207 276 205 
2654 838 268 878 339 
2655 821 196 200 322 
2656 229 221 240 739 
2657 743 244 475 894 
2658 766 806 266 307 
2659 207 952 709 706 
2660 264 281 295 763 
2661 496 959 1001 995 
2662 697 482 790 198 
2663 380 452 878 379 
2664 987 737 977 488 
2665 716 221 719 720 
2666 842 266 991 343 
2667 229 228 720 728 
2668 344 986 968 843 
2669 874 375 240 894 
2670 894 240 874 739 
2671 293 292 812 313 
2672 281 264 280 763 
2673 975 951 879 452 
2674 339 878 951 452 
2675 878 951 838 339 
2676 737 987 755 488 
2677 780 295 763 794 
2678 851 237 983 352 
2679 488 755 737 256 
2680 504 1003 325 494 
2681 878 879 951 452 
2682 967 232 234 733 
2683 221 895 739 720 
2684 791 838 875 292 
2685 239 733 275 234 
2686 395 375 337 894 
2687 210 207 453 709 
2688 292 812 791 293 
2689 221 716 719 217 
2690 496 460 959 797 
2691 280 780 763 779 
2692 376 812 875 292 
2693 343 415 842 488 
2694 285 300 799 757 
2695 895 240 221 739 
2696 252 984 998 485 
2697 468 232 234 967 
2698 874 337 375 894 
2699 984 751 690 191 
2700 240 895 221 396 
2701 460 502 496 959 
2702 339 376 838 292 
2703 337 338 874 375 
2704 895 874 240 739 
2705 375 240 396 874 
2706 951 975 790 452 
2707 300 285 258 757 
2708 974 279 262 761 
2709 240 396 874 895 
2710 239 733 738 275 
2711 790 291 501 452 
2712 506 1003 851 352 
2713 987 415 277 488 
2714 914 776 987 277 
2715 279 262 475 974 
2716 376 875 838 292 
2717 285 799 784 757 
2718 467 966 1003 494 
2719 237 983 972 736 
2720 991 266 492 343 
2721 967 234 275 733 
2722 287 273 787 786 
2723 484 972 237 983 
2724 680 876 632 181 
2725 262 272 263 762 
2726 275 738 774 733 
2727 738 275 961 239 
2728 237 851 983 736 
2729 467 1003 504 494 
2730 237 983 352 484 
2731 851 1008 506 352 
2732 984 252 998 751 
2733 275 468 234 967 
2734 266 267 766 307 
2735 295 780 763 281 
2736 262 272 762 761 
2737 972 484 237 473 
2738 275 738 961 774 
2739 273 762 786 263 
2740 780 280 763 281 
2741 766 806 765 266 
2742 288 287 273 787 
2743 786 273 787 772 
2744 337 279 974 836 
2745 239 758 961 738 
2746 838 501 376 339 
2747 987 842 415 488 
2748 266 806 991 307 
2749 774 967 275 733 
2750 998 984 821 485 
2751 506 504 1003 352 
2752 337 279 475 974 
2753 310 986 282 487 
2754 275 239 462 961 
2755 788 259 758 961 
2756 974 279 761 778 
2757 501 951 790 452 
2758 1000 875 838 501 
2759 501 875 838 376 
2760 758 259 239 961 
2761 415 987 277 914 
2762 780 1005 804 506 
2763 273 263 786 287 
2764 296 284 795 252 
2765 462 259 289 788 
2766 136 1021 633 679 
2767 522 180 54 633 
2768 966 1003 295 467 
2769 462 259 788 961 
2770 501 838 951 339 
2771 339 951 501 452 
2772 790 1000 951 501 
2773 986 310 282 809 
2774 297 284 795 296 
2775 259 462 239 961 
2776 504 295 1003 467 
2777 804 281 506 305 
2778 804 281 780 506 
2779 1000 838 951 501 
2780 282 986 809 781 
2781 422 449 169 948 
2782 948 169 422 921 
2783 1003 295 794 966 
2784 762 273 786 772 
2785 965 922 466 921 
2786 694 981 697 482 
2787 668 965 466 921 
2788 403 586 656 902 
2789 836 279 974 778 
2790 751 998 795 252 
2791 948 668 169 921 
2792 50 916 417 622 
2793 851 1005 1003 506 
2794 272 273 263 762 
2795 925 466 922 426 
2796 422 466 423 921 
2797 775 276 450 205 
2798 482 790 198 291 
2799 842 914 987 415 
2800 466 925 922 965 
2801 422 169 466 921 
2802 415 842 991 343 
2803 775 276 394 450 
2804 394 893 775 450 
2805 500 625 660 999 
2806 217 210 453 709 
2807 157 403 586 656 
2808 965 466 970 668 
2809 1008 983 1015 509 
2810 291 482 790 501 
2811 806 266 991 765 
2812 668 466 169 921 
2813 1008 804 1005 506 
2814 851 1008 1005 506 
2815 580 586 656 19 
2816 580 586 92 656 
2817 821 699 997 200 
2818 191 692 984 193 
2819 1003 295 504 506 
2820 635 180 970 679 
2821 656 586 92 902 
2822 19 157 403 586 
2823 786 817 287 818 
2824 532 562 464 1061 
2825 19 580 157 656 
2826 19 157 586 656 
2827 804 1008 305 506 
2828 466 169 970 668 
2829 157 580 20 578 
2830 93 580 656 578 
2831 690 692 984 191 
2832 50 132 916 622 
2833 761 272 762 771 
2834 1003 794 295 1005 
2835 580 157 656 578 
2836 276 775 706 205 
2837 991 492 415 343 
2838 471 466 169 970 
2839 794 780 295 1005 
2840 832 534 835 1033 
2841 689 284 190 252 
2842 689 783 284 252 
2843 272 262 279 761 
2844 952 207 276 706 
2845 1006 997 699 200 
2846 280 803 780 779 
2847 783 297 795 796 
2848 762 272 273 772 
2849 692 195 693 694 
2850 922 423 466 921 
2851 788 462 833 289 
2852 307 991 266 492 
2853 462 788 833 961 
2854 1000 981 819 501 
2855 426 423 466 922 
2856 304 281 280 803 
2857 295 1003 1005 506 
2858 1000 790 981 501 
2859 902 406 586 905 
2860 780 506 295 1005 
2861 283 282 309 781 
2862 808 283 781 782 
2863 217 453 396 716 
2864 952 895 396 716 
2865 506 780 295 281 
2866 952 207 709 453 
2867 499 296 795 252 
2868 803 281 280 780 
2869 482 320 819 501 
2870 482 819 981 501 
2871 709 453 217 716 
2872 482 697 790 981 
2873 762 262 248 263 
2874 279 771 761 778 
2875 482 981 790 501 
2876 842 415 991 914 
2877 284 783 795 252 
2878 693 195 482 694 
2879 262 762 248 761 
2880 875 1000 819 501 
2881 320 875 501 376 
2882 484 983 509 516 
2883 772 762 272 771 
2884 297 783 795 284 
2885 262 248 246 761 
2886 485 821 499 322 
2887 903 403 404 656 
2888 191 751 689 252 
2889 180 635 135 679 
2890 135 633 180 679 
2891 745 246 248 761 
2892 406 902 586 403 
2893 771 279 761 272 
2894 581 583 165 89 
2895 583 581 165 16 
2896 875 320 501 819 
2897 656 903 403 902 
2898 403 157 404 656 
2899 310 309 282 809 
2900 983 1015 509 516 
2901 809 309 282 781 
2902 929 432 930 931 
2903 677 514 912 1013 
2904 585 18 406 905 
2905 586 406 18 905 
2906 322 821 997 200 
2907 195 692 693 193 
2908 952 396 453 716 
2909 997 1006 507 200 
2910 34 603 901 599 
2911 901 603 107 599 
2912 775 952 276 706 
2913 998 499 252 485 
2914 304 804 281 803 
2915 709 952 453 716 
2916 462 289 334 833 
2917 991 806 1022 307 
2918 319 287 318 818 
2919 817 318 287 818 
2920 771 279 811 778 
2921 165 89 583 664 
2922 581 89 165 664 
2923 409 164 410 908 
2924 287 787 817 786 
2925 374 875 320 376 
2926 281 803 804 780 
2927 804 304 281 305 
2928 179 641 644 678 
2929 909 908 410 663 
2930 908 164 410 663 
2931 376 374 812 313 
2932 510 821 997 322 
2933 875 374 320 873 
2934 896 674 94 589 
2935 21 589 175 397 
2936 586 585 905 18 
2937 585 586 905 91 
2938 787 288 287 817 
2939 499 998 821 485 
2940 207 276 453 952 
2941 819 873 875 320 
2942 766 960 806 307 
2943 811 272 279 771 
2944 499 795 998 252 
2945 374 812 875 376 
2946 751 191 689 690 
2947 812 875 873 374 
2948 272 811 279 312 
2949 432 431 430 930 
2950 510 499 821 322 
2951 314 812 813 326 
2952 691 692 191 193 
2953 267 461 766 307 
2954 991 307 523 492 
2955 691 692 690 191 
2956 694 693 981 482 
2957 929 432 430 930 
2958 819 320 482 194 
2959 693 482 819 981 
2960 788 832 289 833 
2961 912 514 910 1013 
2962 289 333 334 832 
2963 902 586 91 905 
2964 18 403 406 586 
2965 589 896 674 175 
2966 762 248 980 263 
2967 781 309 283 808 
2968 405 403 404 903 
2969 403 904 903 405 
2970 164 411 410 910 
2971 910 909 410 663 
2972 910 410 164 663 
2973 411 164 413 910 
2974 997 322 200 498 
2975 689 190 191 252 
2976 164 910 663 912 
2977 910 164 413 912 
2978 960 766 461 307 
2979 272 505 273 772 
2980 904 403 903 902 
2981 326 812 374 313 
2982 200 507 997 498 
2983 195 193 693 194 
2984 449 422 419 948 
2985 948 422 419 921 
2986 344 489 487 986 
2987 1022 1035 386 536 
2988 293 813 511 314 
2989 326 314 812 313 
2990 617 80 614 365 
2991 614 864 121 617 
2992 307 1022 991 523 
2993 48 161 500 625 
2994 660 625 130 999 
2995 288 318 287 817 
2996 510 322 997 498 
2997 1035 1022 806 307 
2998 747 248 762 761 
2999 421 422 423 921 
3000 873 825 812 374 
3001 1004 772 272 771 
3002 747 745 248 761 
3003 312 811 997 1009 
3004 510 997 312 498 
3005 813 293 511 792 
3006 178 514 912 677 
3007 514 413 178 912 
3008 1009 998 821 499 
3009 809 309 781 808 
3010 195 693 482 194 
3011 482 693 819 194 
3012 1022 1035 885 386 
3013 419 417 449 916 
3014 821 510 997 1009 
3015 988 986 344 843 
3016 819 271 320 194 
3017 902 904 406 905 
3018 542 306 566 1065 
3019 1009 997 312 510 
3020 1004 272 811 771 
3021 1022 1035 536 307 
3022 948 419 449 916 
3023 832 334 289 833 
3024 921 922 423 920 
3025 263 481 248 980 
3026 937 275 961 774 
3027 405 406 403 904 
3028 312 1009 505 811 
3029 263 762 786 980 
3030 885 160 387 386 
3031 696 197 199 1089 
3032 462 937 275 961 
3033 45 127 377 632 
3034 127 45 377 631 
3035 312 505 272 811 
3036 904 406 403 902 
3037 821 1009 499 510 
3038 287 263 786 980 
3039 386 1022 536 523 
3040 1009 312 505 510 
3041 334 333 336 832 
3042 599 901 34 402 
3043 603 34 901 402 
3044 804 803 304 815 
3045 304 1041 805 542 
3046 320 271 873 374 
3047 287 786 818 980 
3048 505 772 1011 273 
3049 992 572 162 1071 
3050 787 323 288 817 
3051 199 698 696 1089 
3052 873 819 271 320 
3053 566 405 404 1065 
3054 356 296 795 499 
3055 815 304 804 305 
3056 489 310 487 986 
3057 876 632 181 377 
3058 280 257 459 756 
3059 271 819 693 194 
3060 1041 542 304 815 
3061 459 280 756 779 
3062 257 967 459 756 
3063 425 426 926 925 
3064 489 310 986 809 
3065 772 272 505 1004 
3066 425 426 427 926 
3067 560 1059 1031 963 
3068 768 461 766 269 
3069 461 766 269 267 
3070 411 413 514 910 
3071 967 257 459 468 
3072 770 819 693 271 
3073 692 691 693 193 
3074 514 912 910 413 
3075 637 643 172 140 
3076 643 637 172 58 
3077 286 784 259 285 
3078 785 259 784 758 
3079 758 785 259 788 
3080 505 1004 811 1009 
3081 307 536 1022 523 
3082 960 1035 806 307 
3083 289 259 286 788 
3084 664 165 581 913 
3085 1024 873 271 374 
3086 272 1004 811 505 
3087 813 314 326 335 
3088 573 1072 877 367 
3089 1061 532 562 662 
3090 263 287 481 980 
3091 461 768 766 960 
3092 120 657 614 612 
3093 612 614 79 158 
3094 415 492 991 416 
3095 287 319 481 980 
3096 191 690 691 189 
3097 160 659 885 387 
3098 191 689 690 189 
3099 833 937 462 961 
3100 160 885 884 386 
3101 248 762 980 747 
3102 835 334 832 833 
3103 461 1035 307 536 
3104 192 691 191 193 
3105 841 796 341 297 
3106 290 789 274 315 
3107 659 886 885 387 
3108 274 789 773 315 
3109 425 925 922 426 
3110 825 812 374 326 
3111 850 351 734 1083 
3112 461 768 294 269 
3113 803 280 805 779 
3114 983 972 826 484 
3115 1021 180 633 679 
3116 145 644 641 678 
3117 63 179 641 644 
3118 972 773 826 473 
3119 873 819 770 271 
3120 980 248 759 481 
3121 386 1035 884 536 
3122 60 142 642 435 
3123 142 642 435 934 
3124 805 304 280 803 
3125 484 972 826 473 
3126 492 523 991 416 
3127 884 160 386 385 
3128 812 825 813 326 
3129 277 769 800 776 
3130 769 277 800 270 
3131 306 1065 408 566 
3132 318 288 323 817 
3133 351 235 734 1083 
3134 1035 461 307 960 
3135 387 598 888 389 
3136 914 991 915 415 
3137 553 162 1052 477 
3138 787 822 323 817 
3139 473 773 826 274 
3140 1019 856 1042 543 
3141 356 795 998 499 
3142 319 287 818 980 
3143 760 742 261 971 
3144 921 419 948 918 
3145 294 960 768 461 
3146 960 768 793 294 
3147 872 691 688 189 
3148 813 1010 792 511 
3149 1071 329 572 470 
3150 191 190 689 189 
3151 273 512 288 787 
3152 1011 787 273 772 
3153 921 419 421 422 
3154 675 1042 543 1093 
3155 426 425 423 922 
3156 641 179 412 678 
3157 472 261 243 742 
3158 862 318 323 817 
3159 192 189 691 373 
3160 189 872 691 373 
3161 772 505 1011 1004 
3162 192 271 693 194 
3163 168 631 667 377 
3164 884 885 1035 386 
3165 802 277 776 914 
3166 793 768 792 293 
3167 822 862 323 817 
3168 832 289 299 788 
3169 289 832 299 333 
3170 937 462 275 438 
3171 1061 361 412 562 
3172 1024 873 770 271 
3173 636 159 899 658 
3174 192 770 693 271 
3175 693 192 194 193 
3176 810 283 808 782 
3177 915 991 1022 523 
3178 293 294 768 269 
3179 334 937 462 833 
3180 385 386 884 536 
3181 888 598 109 389 
3182 318 862 323 363 
3183 802 415 277 914 
3184 572 1071 992 362 
3185 461 554 1053 536 
3186 884 383 384 385 
3187 129 625 1040 999 
3188 47 500 541 625 
3189 526 759 1025 746 
3190 885 160 884 659 
3191 383 883 884 384 
3192 916 948 419 918 
3193 505 1011 1004 855 
3194 412 1061 562 662 
3195 998 1009 356 499 
3196 1043 992 861 362 
3197 768 793 294 293 
3198 589 21 896 397 
3199 160 884 384 385 
3200 560 1059 931 1031 
3201 468 275 1007 967 
3202 659 884 883 384 
3203 921 423 421 920 
3204 641 412 163 662 
3205 840 841 796 341 
3206 271 192 770 373 
3207 967 275 1007 774 
3208 1015 509 317 1008 
3209 1029 335 868 530 
3210 248 980 759 747 
3211 271 1024 374 525 
3212 905 406 585 664 
3213 795 297 296 839 
3214 1009 356 499 510 
3215 884 554 536 1053 
3216 770 192 693 691 
3217 937 334 462 438 
3218 1041 304 805 803 
3219 484 826 983 516 
3220 1031 532 464 1061 
3221 621 868 118 620 
3222 620 77 621 369 
3223 342 841 341 297 
3224 826 827 1015 516 
3225 529 1028 848 900 
3226 170 446 943 444 
3227 693 192 193 691 
3228 803 1041 304 815 
3229 943 669 945 170 
3230 277 800 802 776 
3231 384 659 884 160 
3232 534 336 333 832 
3233 1065 542 805 1041 
3234 638 636 65 899 
3235 899 638 636 147 
3236 470 1052 827 553 
3237 1065 408 566 405 
3238 795 297 839 796 
3239 986 344 489 988 
3240 1015 983 826 516 
3241 461 1053 1035 536 
3242 895 952 396 1084 
3243 1046 85 547 579 
3244 596 85 547 1046 
3245 1053 294 554 461 
3246 832 336 334 835 
3247 868 681 1029 530 
3248 690 688 691 189 
3249 362 1043 992 544 
3250 688 690 689 189 
3251 560 1059 930 931 
3252 290 829 828 329 
3253 159 65 636 400 
3254 636 899 147 658 
3255 383 880 883 384 
3256 529 809 988 1028 
3257 691 191 189 192 
3258 636 159 658 898 
3259 937 1007 275 774 
3260 877 841 871 342 
3261 825 813 326 335 
3262 800 277 301 270 
3263 1073 294 574 554 
3264 872 770 691 373 
3265 192 691 770 373 
3266 512 273 505 1011 
3267 247 246 248 745 
3268 1035 960 1053 461 
3269 509 1015 317 516 
3270 811 778 279 1088 
3271 356 1009 505 510 
3272 792 793 293 511 
3273 261 760 971 845 
3274 304 815 316 305 
3275 808 309 283 810 
3276 171 534 524 1033 
3277 809 310 309 858 
3278 342 871 877 378 
3279 406 165 585 664 
3280 698 199 450 1089 
3281 873 1024 825 374 
3282 315 290 828 329 
3283 746 248 759 747 
3284 541 623 1040 168 
3285 315 969 827 470 
3286 882 883 884 383 
3287 1053 884 1035 536 
3288 855 505 1011 356 
3289 505 512 1011 356 
3290 419 921 421 918 
3291 1040 625 500 999 
3292 396 952 453 1084 
3293 175 589 896 397 
3294 901 675 1042 543 
3295 1008 317 305 509 
3296 696 699 200 1089 
3297 200 197 696 1089 
3298 581 582 994 15 
3299 582 581 994 88 
3300 505 1004 1009 855 
3301 542 566 404 1065 
3302 279 312 811 1088 
3303 793 294 293 511 
3304 698 450 949 1089 
3305 515 409 410 908 
3306 1012 903 404 656 
3307 1014 908 410 909 
3308 1052 827 553 398 
3309 829 828 789 290 
3310 800 801 769 270 
3311 172 637 671 946 
3312 925 926 425 924 
3313 341 796 839 297 
3314 644 638 179 146 
3315 638 179 64 644 
3316 828 969 315 329 
3317 665 603 35 601 
3318 108 603 665 601 
3319 998 855 795 356 
3320 809 986 489 988 
3321 769 957 764 270 
3322 176 675 604 402 
3323 560 532 464 1031 
3324 265 957 270 764 
3325 1012 404 157 656 
3326 342 372 871 378 
3327 331 514 539 1013 
3328 939 650 440 1094 
3329 265 789 957 764 
3330 189 689 188 190 
3331 789 265 957 290 
3332 918 921 421 920 
3333 271 1024 373 770 
3334 554 884 536 385 
3335 400 636 159 899 
3336 793 1053 960 294 
3337 294 1053 960 461 
3338 290 828 789 315 
3339 939 155 650 1094 
3340 440 650 73 1094 
3341 911 641 412 678 
3342 496 850 995 1083 
3343 337 279 836 1088 
3344 743 745 246 744 
3345 850 496 351 1083 
3346 304 805 280 306 
3347 245 243 244 743 
3348 245 243 743 742 
3349 622 417 161 916 
3350 273 512 787 1011 
3351 1061 464 361 562 
3352 549 412 678 1048 
3353 245 244 246 743 
3354 620 666 119 612 
3355 78 620 612 167 
3356 564 1063 759 980 
3357 1040 368 500 541 
3358 464 1031 1061 963 
3359 617 614 864 365 
3360 971 346 261 845 
3361 685 355 187 186 
3362 925 425 922 924 
3363 998 1009 855 356 
3364 34 603 166 402 
3365 901 107 603 665 
3366 804 1008 317 305 
3367 778 836 279 1088 
3368 800 277 802 301 
3369 877 573 871 1072 
3370 880 383 381 384 
3371 882 880 883 383 
3372 840 364 841 341 
3373 187 854 872 373 
3374 508 275 438 937 
3375 839 341 517 840 
3376 481 260 248 759 
3377 466 970 935 965 
3378 33 901 604 599 
3379 604 901 106 599 
3380 1024 271 373 525 
3381 66 148 399 636 
3382 248 746 745 747 
3383 784 286 259 785 
3384 466 436 426 925 
3385 345 344 261 760 
3386 958 459 756 779 
3387 466 935 925 965 
3388 1048 549 848 900 
3389 785 286 259 788 
3390 326 374 825 525 
3391 858 309 809 808 
3392 756 967 459 958 
3393 867 862 323 822 
3394 994 581 495 913 
3395 970 466 935 471 
3396 770 872 1024 373 
3397 840 796 839 341 
3398 73 650 155 1094 
3399 155 654 73 1094 
3400 374 1024 825 525 
3401 65 400 638 899 
3402 400 65 636 899 
3403 637 172 447 946 
3404 793 792 1010 511 
3405 617 615 81 173 
3406 615 122 672 617 
3407 341 364 841 342 
3408 345 344 760 843 
3409 1030 891 174 531 
3410 415 802 277 303 
3411 532 931 560 432 
3412 189 872 187 688 
3413 519 364 840 341 
3414 166 603 901 402 
3415 862 323 363 867 
3416 585 17 583 664 
3417 583 90 585 664 
3418 872 189 187 373 
3419 235 258 734 1083 
3420 1009 356 505 855 
3421 517 323 288 787 
3422 159 636 399 898 
3423 757 734 258 1083 
3424 572 329 1071 362 
3425 810 283 782 1087 
3426 813 825 834 335 
3427 969 315 329 470 
3428 415 991 915 416 
3429 299 289 286 788 
3430 904 407 408 405 
3431 671 172 643 140 
3432 637 172 671 140 
3433 399 676 371 898 
3434 832 788 299 798 
3435 1027 1043 861 362 
3436 171 495 534 1033 
3437 829 861 828 362 
3438 120 685 657 612 
3439 832 524 299 333 
3440 79 612 158 186 
3441 387 887 885 386 
3442 460 959 283 1087 
3443 1073 294 511 574 
3444 419 916 418 417 
3445 373 187 854 355 
3446 854 872 686 187 
3447 782 283 959 1087 
3448 931 532 560 1031 
3449 158 685 187 186 
3450 876 667 631 377 
3451 800 301 302 270 
3452 689 189 188 688 
3453 408 508 540 1039 
3454 399 66 636 159 
3455 658 148 636 898 
3456 542 304 306 805 
3457 534 336 832 835 
3458 334 859 937 833 
3459 355 685 187 854 
3460 685 854 686 187 
3461 500 161 567 1066 
3462 523 915 991 416 
3463 596 579 547 85 
3464 596 579 12 547 
3465 1031 464 560 963 
3466 165 583 17 664 
3467 585 165 17 664 
3468 534 832 524 1033 
3469 967 459 1007 468 
3470 1046 547 86 579 
3471 584 547 86 1046 
3472 915 415 802 914 
3473 887 1022 885 386 
3474 523 1022 915 388 
3475 815 542 304 316 
3476 675 901 604 402 
3477 323 1018 867 822 
3478 1028 988 529 848 
3479 260 247 248 759 
3480 424 423 425 922 
3481 789 814 773 315 
3482 826 327 473 274 
3483 311 283 309 810 
3484 493 362 992 544 
3485 669 1043 528 544 
3486 622 624 660 49 
3487 624 622 660 131 
3488 581 89 664 913 
3489 165 16 581 414 
3490 930 432 560 931 
3491 248 746 759 247 
3492 375 874 396 1084 
3493 274 773 826 315 
3494 874 895 396 1084 
3495 329 829 828 362 
3496 872 688 686 187 
3497 327 484 826 473 
3498 632 876 127 377 
3499 631 127 876 377 
3500 1065 904 405 903 
3501 1065 405 404 903 
3502 542 903 1012 1041 
3503 178 539 677 939 
3504 678 644 179 146 
3505 678 179 638 146 
3506 317 815 804 305 
3507 882 554 884 1053 
3508 412 549 860 1048 
3509 176 675 543 1093 
3510 106 675 901 604 
3511 176 604 33 402 
3512 171 547 584 1046 
3513 470 162 1052 553 
3514 296 795 839 356 
3515 294 1073 1053 554 
3516 1071 861 992 362 
3517 523 386 1022 388 
3518 529 1028 900 858 
3519 1061 1031 532 662 
3520 323 1016 822 787 
3521 80 614 365 158 
3522 121 657 864 614 
3523 508 468 275 1007 
3524 301 277 802 303 
3525 896 157 578 656 
3526 815 542 1012 1041 
3527 664 905 406 906 
3528 528 1043 362 544 
3529 348 347 346 845 
3530 438 334 859 937 
3531 62 662 641 163 
3532 367 877 573 378 
3533 1072 866 877 367 
3534 1030 881 350 531 
3535 1039 508 1007 907 
3536 969 828 1071 329 
3537 657 614 612 158 
3538 489 809 529 310 
3539 964 371 311 810 
3540 805 280 459 779 
3541 408 306 459 805 
3542 885 886 887 387 
3543 364 840 841 863 
3544 446 943 945 170 
3545 657 365 614 158 
3546 1071 572 162 470 
3547 578 20 157 397 
3548 93 656 896 578 
3549 677 539 514 1013 
3550 602 600 31 1020 
3551 104 600 602 1020 
3552 891 548 606 392 
3553 544 528 669 170 
3554 158 612 685 186 
3555 472 261 742 971 
3556 424 922 920 423 
3557 179 64 400 638 
3558 146 638 678 899 
3559 685 686 657 187 
3560 560 431 432 930 
3561 913 568 360 1067 
3562 517 288 512 787 
3563 417 161 49 622 
3564 916 622 131 660 
3565 542 1065 903 1041 
3566 148 399 636 898 
3567 909 410 1032 1054 
3568 641 412 662 911 
3569 33 901 599 402 
3570 604 901 33 402 
3571 537 847 845 1036 
3572 179 412 63 641 
3573 911 145 641 678 
3574 368 541 1040 168 
3575 1013 576 910 1075 
3576 685 167 355 186 
3577 560 847 1059 963 
3578 676 399 371 177 
3579 284 535 783 546 
3580 276 952 775 1084 
3581 364 840 863 519 
3582 759 247 526 260 
3583 398 553 1052 477 
3584 275 508 1007 937 
3585 672 615 617 173 
3586 1007 459 907 508 
3587 328 327 826 315 
3588 418 419 420 918 
3589 163 562 532 662 
3590 247 759 526 746 
3591 826 516 327 328 
3592 17 406 165 585 
3593 905 585 90 664 
3594 688 689 687 188 
3595 573 551 1072 367 
3596 406 407 165 664 
3597 688 188 187 189 
3598 835 534 495 1033 
3599 539 178 440 939 
3600 1008 1015 816 317 
3601 276 453 952 1084 
3602 459 1007 907 958 
3603 301 357 800 302 
3604 640 435 550 1049 
3605 814 827 826 315 
3606 328 826 827 315 
3607 312 498 997 1088 
3608 312 997 811 1088 
3609 516 826 827 328 
3610 853 503 1002 1032 
3611 516 484 826 327 
3612 1049 550 643 671 
3613 746 247 248 745 
3614 529 809 1028 858 
3615 840 1018 863 519 
3616 408 508 1039 907 
3617 793 1073 1053 294 
3618 44 680 181 626 
3619 44 680 632 181 
3620 310 359 309 858 
3621 564 818 1063 980 
3622 174 891 392 531 
3623 363 500 862 867 
3624 532 432 934 931 
3625 969 315 827 814 
3626 315 827 328 470 
3627 1059 847 560 930 
3628 414 495 581 913 
3629 760 345 845 261 
3630 596 547 442 1046 
3631 1063 1017 564 759 
3632 180 522 486 1021 
3633 1032 410 533 1054 
3634 410 555 533 1054 
3635 638 400 179 899 
3636 383 884 554 385 
3637 344 345 988 843 
3638 916 419 418 918 
3639 678 638 179 899 
3640 162 976 1052 477 
3641 297 296 839 340 
3642 877 865 535 366 
3643 311 465 371 964 
3644 805 958 459 907 
3645 419 421 420 918 
3646 389 36 109 601 
3647 871 876 181 372 
3648 759 481 564 980 
3649 913 664 568 1067 
3650 801 800 302 270 
3651 441 939 539 440 
3652 329 1071 969 470 
3653 1018 323 867 519 
3654 931 934 532 1031 
3655 930 847 431 932 
3656 676 409 515 908 
3657 829 1027 861 362 
3658 1030 891 673 174 
3659 687 686 688 187 
3660 685 158 187 657 
3661 666 854 685 355 
3662 562 163 412 662 
3663 957 769 801 270 
3664 127 876 667 631 
3665 45 631 168 377 
3666 414 581 165 913 
3667 514 178 539 677 
3668 856 543 890 1042 
3669 508 408 459 907 
3670 827 969 1052 470 
3671 574 882 1073 554 
3672 924 424 922 923 
3673 402 176 675 543 
3674 860 412 1061 361 
3675 334 835 859 833 
3676 1065 542 306 805 
3677 1036 537 847 932 
3678 517 1016 839 840 
3679 341 839 517 340 
3680 1067 568 360 1039 
3681 512 1016 1011 839 
3682 331 455 576 1075 
3683 904 408 1065 405 
3684 572 992 162 493 
3685 871 573 181 1072 
3686 530 1029 350 570 
3687 420 920 918 421 
3688 173 365 865 366 
3689 261 472 346 971 
3690 579 584 547 86 
3691 584 579 547 13 
3692 1019 543 1042 1093 
3693 674 869 897 398 
3694 1044 454 671 545 
3695 903 542 1012 404 
3696 1008 816 804 317 
3697 1039 508 438 937 
3698 329 290 829 330 
3699 1014 410 1032 909 
3700 297 839 341 340 
3701 805 459 408 907 
3702 15 495 582 994 
3703 581 495 15 994 
3704 172 447 58 637 
3705 140 671 637 946 
3706 537 348 346 845 
3707 910 514 576 1013 
3708 908 410 515 1014 
3709 188 687 688 187 
3710 916 161 622 660 
3711 845 261 345 346 
3712 922 425 424 924 
3713 745 247 246 744 
3714 530 681 1029 570 
3715 575 964 1074 870 
3716 945 483 446 528 
3717 317 316 815 305 
3718 685 612 167 186 
3719 442 547 443 1046 
3720 420 421 518 1017 
3721 416 802 415 303 
3722 905 904 406 906 
3723 865 1045 535 366 
3724 423 424 421 920 
3725 814 789 828 315 
3726 1048 678 549 900 
3727 922 424 920 923 
3728 371 964 870 810 
3729 349 347 361 860 
3730 976 674 897 477 
3731 788 286 299 798 
3732 810 371 311 853 
3733 526 936 748 1025 
3734 364 871 841 342 
3735 798 299 832 1023 
3736 549 412 179 678 
3737 373 854 1024 525 
3738 438 334 360 859 
3739 513 404 157 1012 
3740 406 405 407 904 
3741 398 897 674 477 
3742 515 676 371 177 
3743 665 603 901 166 
3744 685 657 612 158 
3745 1034 297 783 796 
3746 554 882 884 383 
3747 854 1024 872 373 
3748 302 957 483 801 
3749 418 917 918 919 
3750 345 349 489 988 
3751 408 540 407 1039 
3752 666 685 119 612 
3753 167 612 78 186 
3754 1054 410 411 910 
3755 400 900 179 899 
3756 900 678 179 899 
3757 1054 909 410 910 
3758 808 964 309 810 
3759 404 542 1065 903 
3760 788 785 286 798 
3761 828 969 814 315 
3762 1032 533 410 1014 
3763 533 503 853 1032 
3764 158 687 365 188 
3765 407 568 664 1067 
3766 243 245 472 742 
3767 283 810 311 1087 
3768 130 48 161 624 
3769 512 1016 787 1011 
3770 1065 306 408 805 
3771 805 280 306 459 
3772 588 682 1055 183 
3773 416 523 915 388 
3774 801 800 357 302 
3775 361 412 549 860 
3776 699 1006 200 1089 
3777 783 535 284 297 
3778 795 855 839 356 
3779 671 545 946 1044 
3780 746 1025 526 748 
3781 438 859 1039 937 
3782 830 299 286 798 
3783 861 1071 828 362 
3784 676 371 898 870 
3785 415 915 802 416 
3786 468 508 459 1007 
3787 294 1073 511 793 
3788 323 517 1016 787 
3789 896 21 94 578 
3790 681 369 182 530 
3791 290 829 957 789 
3792 815 869 316 317 
3793 496 1001 502 1083 
3794 424 924 936 923 
3795 538 420 319 818 
3796 390 416 915 388 
3797 995 1001 496 1083 
3798 665 35 603 166 
3799 166 665 35 601 
3800 809 489 529 988 
3801 877 367 173 378 
3802 672 367 877 866 
3803 784 285 286 954 
3804 917 916 418 918 
3805 459 967 1007 958 
3806 864 617 365 173 
3807 617 864 672 173 
3808 835 336 360 913 
3809 378 877 535 366 
3810 364 372 871 342 
3811 286 785 830 798 
3812 804 816 815 317 
3813 331 286 455 954 
3814 447 57 637 645 
3815 637 645 139 946 
3816 949 450 893 1089 
3817 839 517 512 1016 
3818 517 839 512 340 
3819 525 373 854 355 
3820 785 954 286 830 
3821 573 877 871 378 
3822 853 371 515 1014 
3823 438 540 508 1039 
3824 971 748 537 1036 
3825 495 835 913 336 
3826 657 687 365 158 
3827 167 685 355 666 
3828 687 657 686 187 
3829 360 835 334 336 
3830 495 584 994 670 
3831 347 348 464 963 
3832 675 901 402 543 
3833 1011 839 855 356 
3834 839 1011 512 356 
3835 992 572 362 493 
3836 555 410 411 1054 
3837 483 829 957 330 
3838 906 904 408 907 
3839 407 904 408 906 
3840 49 161 624 660 
3841 622 161 49 660 
3842 365 657 614 864 
3843 667 46 128 631 
3844 623 46 128 667 
3845 522 185 486 1021 
3846 511 813 350 314 
3847 901 1042 890 543 
3848 689 284 546 190 
3849 284 783 689 546 
3850 528 945 669 170 
3851 329 828 1071 362 
3852 870 1074 575 898 
3853 514 910 576 411 
3854 827 1052 897 398 
3855 1034 841 877 342 
3856 548 891 606 1047 
3857 845 971 537 1036 
3858 836 837 338 1088 
3859 826 327 274 315 
3860 1017 564 420 1063 
3861 421 1017 424 518 
3862 524 832 299 1023 
3863 130 161 660 624 
3864 924 424 936 425 
3865 507 200 1006 1089 
3866 836 338 337 1088 
3867 829 330 483 528 
3868 535 342 877 378 
3869 612 620 666 167 
3870 1071 992 661 162 
3871 841 863 871 364 
3872 976 162 1052 661 
3873 676 515 371 1014 
3874 773 814 826 315 
3875 166 901 890 402 
3876 344 345 489 988 
3877 910 576 1054 1075 
3878 846 845 348 847 
3879 687 158 187 188 
3880 511 881 350 1010 
3881 372 573 871 378 
3882 946 985 185 684 
3883 868 666 118 620 
3884 529 310 809 858 
3885 369 620 77 167 
3886 144 62 662 641 
3887 300 285 799 1086 
3888 805 459 958 779 
3889 1039 1007 508 937 
3890 323 368 363 867 
3891 799 285 784 1086 
3892 869 815 816 317 
3893 1047 42 115 606 
3894 115 42 1047 607 
3895 174 881 880 673 
3896 893 450 394 1089 
3897 963 1061 361 860 
3898 684 985 185 1021 
3899 540 438 360 1039 
3900 793 1010 1073 511 
3901 319 564 481 980 
3902 832 534 524 333 
3903 303 416 802 390 
3904 799 757 300 1083 
3905 431 560 847 930 
3906 300 757 258 1083 
3907 1054 576 455 1075 
3908 642 577 435 1076 
3909 906 408 407 1039 
3910 1039 906 408 907 
3911 420 421 1017 920 
3912 896 674 175 370 
3913 1016 517 512 787 
3914 882 1053 1073 554 
3915 1012 815 869 316 
3916 44 126 680 626 
3917 126 44 680 632 
3918 957 265 270 458 
3919 959 502 1001 1087 
3920 483 945 1027 528 
3921 260 564 518 1017 
3922 1020 31 602 521 
3923 1020 600 31 521 
3924 853 870 371 1014 
3925 515 354 371 853 
3926 175 674 398 370 
3927 356 839 296 340 
3928 464 1061 361 963 
3929 158 687 187 657 
3930 290 265 957 458 
3931 874 338 837 1084 
3932 162 1052 969 470 
3933 460 502 959 1087 
3934 409 676 515 177 
3935 865 877 173 366 
3936 1013 1038 539 830 
3937 1013 539 331 830 
3938 394 775 893 1084 
3939 394 276 775 1084 
3940 542 815 1012 316 
3941 406 407 664 906 
3942 876 680 871 181 
3943 166 890 390 391 
3944 309 858 964 808 
3945 260 481 564 759 
3946 354 311 371 853 
3947 810 870 371 853 
3948 667 1064 368 565 
3949 348 347 845 846 
3950 615 866 123 613 
3951 613 82 615 367 
3952 564 319 818 980 
3953 913 360 835 859 
3954 362 329 829 330 
3955 180 970 935 471 
3956 454 1044 671 953 
3957 748 437 433 932 
3958 545 946 1044 486 
3959 157 1012 656 896 
3960 519 368 1064 565 
3961 183 1055 588 556 
3962 867 323 368 519 
3963 874 375 338 1084 
3964 549 848 860 1048 
3965 900 400 552 899 
3966 835 360 334 859 
3967 805 408 1065 907 
3968 744 247 748 746 
3969 678 412 911 1048 
3970 868 834 1026 335 
3971 871 876 372 364 
3972 584 582 495 87 
3973 582 584 495 14 
3974 512 839 356 340 
3975 963 361 347 860 
3976 822 1016 323 1018 
3977 348 560 464 963 
3978 416 915 802 390 
3979 880 382 174 381 
3980 899 159 552 658 
3981 43 125 551 630 
3982 125 43 551 626 
3983 567 161 917 1066 
3984 1014 371 676 870 
3985 964 311 309 810 
3986 519 840 517 341 
3987 744 245 743 742 
3988 939 441 539 940 
3989 982 945 1027 483 
3990 743 246 245 744 
3991 1021 486 180 679 
3992 302 957 801 270 
3993 539 677 939 1038 
3994 667 1040 623 168 
3995 299 830 286 331 
3996 390 665 890 166 
3997 674 398 477 175 
3998 584 495 171 670 
3999 612 666 685 167 
4000 407 568 1067 1039 
4001 813 511 350 1010 
4002 964 1051 575 1074 
4003 798 831 299 1023 
4004 331 286 954 830 
4005 471 436 466 935 
4006 483 1027 829 528 
4007 347 464 361 963 
4008 417 418 161 916 
4009 664 568 165 913 
4010 899 552 900 1051 
4011 971 537 346 845 
4012 369 666 620 167 
4013 483 1060 945 561 
4014 446 483 945 561 
4015 935 466 925 436 
4016 827 328 470 553 
4017 876 871 863 364 
4018 869 513 896 1012 
4019 349 529 489 988 
4020 887 915 1022 388 
4021 357 1019 520 543 
4022 357 1019 543 856 
4023 547 442 12 596 
4024 1046 596 85 941 
4025 570 182 681 548 
4026 412 860 1061 911 
4027 569 424 437 1068 
4028 859 438 1039 360 
4029 957 302 483 458 
4030 982 957 801 483 
4031 1036 748 537 932 
4032 1021 985 486 679 
4033 801 800 856 357 
4034 994 88 581 913 
4035 581 15 495 414 
4036 386 387 887 388 
4037 620 621 868 369 
4038 887 390 915 388 
4039 532 432 435 934 
4040 326 825 1026 525 
4041 835 495 913 994 
4042 866 1072 551 367 
4043 957 330 458 483 
4044 829 483 957 982 
4045 1038 939 539 940 
4046 679 486 180 935 
4047 454 671 545 172 
4048 318 1037 818 817 
4049 538 319 318 818 
4050 1024 1026 825 525 
4051 317 1058 869 559 
4052 424 920 1017 421 
4053 412 1061 662 911 
4054 472 245 249 971 
4055 920 424 1017 923 
4056 862 1037 318 817 
4057 162 969 1071 470 
4058 662 144 641 911 
4059 163 62 412 641 
4060 369 527 666 167 
4061 335 1029 868 834 
4062 439 1020 1070 571 
4063 784 285 954 1086 
4064 669 1043 1027 528 
4065 908 515 676 1014 
4066 829 982 1027 483 
4067 386 887 1022 388 
4068 745 746 247 744 
4069 1032 1054 533 1086 
4070 533 1054 555 1086 
4071 426 925 436 1092 
4072 918 420 418 919 
4073 867 1064 1018 519 
4074 500 363 368 867 
4075 500 999 862 867 
4076 399 371 575 898 
4077 436 180 486 935 
4078 679 985 486 935 
4079 176 543 520 1093 
4080 675 1019 1042 1093 
4081 318 363 538 862 
4082 1040 623 128 667 
4083 623 541 46 168 
4084 1032 853 533 1014 
4085 621 618 681 182 
4086 847 348 431 932 
4087 827 328 553 398 
4088 500 1040 999 867 
4089 368 1040 500 867 
4090 847 537 845 348 
4091 311 964 309 465 
4092 897 869 1058 559 
4093 1043 528 362 1027 
4094 347 349 844 846 
4095 760 844 345 843 
4096 569 526 260 1068 
4097 524 299 831 1023 
4098 1052 976 897 477 
4099 985 935 927 1092 
4100 436 486 428 1092 
4101 1075 331 1013 576 
4102 408 904 1065 907 
4103 1023 171 524 1033 
4104 166 390 665 389 
4105 1058 1015 827 516 
4106 526 759 1068 1025 
4107 858 900 552 1051 
4108 486 185 447 946 
4109 515 410 533 1014 
4110 900 359 529 858 
4111 398 1052 897 477 
4112 126 680 876 632 
4113 181 632 44 377 
4114 911 412 860 1048 
4115 678 179 549 900 
4116 383 382 880 381 
4117 880 882 382 383 
4118 378 173 877 366 
4119 657 687 864 365 
4120 888 387 887 886 
4121 545 671 946 172 
4122 369 621 681 182 
4123 869 513 1012 316 
4124 531 881 174 1030 
4125 1074 658 575 898 
4126 1020 183 682 1091 
4127 920 420 918 919 
4128 436 935 486 1092 
4129 985 486 935 1092 
4130 165 407 568 664 
4131 357 800 1062 301 
4132 528 446 945 170 
4133 564 818 420 1063 
4134 829 362 330 528 
4135 1062 563 357 301 
4136 542 404 513 1012 
4137 564 1017 420 518 
4138 389 390 887 388 
4139 347 349 846 860 
4140 1018 517 323 519 
4141 402 890 166 391 
4142 846 348 963 847 
4143 1037 917 418 919 
4144 108 665 888 601 
4145 389 166 35 601 
4146 359 465 309 858 
4147 576 910 1054 411 
4148 850 734 947 1083 
4149 351 448 235 1083 
4150 285 455 286 954 
4151 1020 1070 571 1091 
4152 286 784 954 785 
4153 567 500 1066 862 
4154 1012 513 542 316 
4155 407 406 904 906 
4156 946 185 645 684 
4157 559 897 869 398 
4158 1026 825 326 335 
4159 1062 563 390 391 
4160 539 677 1038 1013 
4161 926 925 426 1092 
4162 1018 840 517 519 
4163 426 427 926 1092 
4164 345 349 988 844 
4165 854 525 1026 1024 
4166 400 159 552 899 
4167 866 1072 1050 551 
4168 345 346 347 845 
4169 433 249 437 748 
4170 748 936 437 932 
4171 613 615 866 367 
4172 161 500 660 1066 
4173 1045 783 1034 535 
4174 1045 783 535 546 
4175 742 245 472 971 
4176 573 871 181 372 
4177 1076 435 642 934 
4178 497 199 197 1089 
4179 996 696 698 1089 
4180 658 159 575 898 
4181 829 290 957 330 
4182 433 431 348 932 
4183 574 383 882 554 
4184 900 552 359 858 
4185 1049 640 435 934 
4186 559 1058 827 516 
4187 847 537 348 932 
4188 1049 550 671 1090 
4189 507 1006 997 1088 
4190 667 368 1040 168 
4191 746 526 247 748 
4192 665 901 890 166 
4193 859 913 360 1067 
4194 1045 865 365 366 
4195 689 546 188 190 
4196 312 279 324 1088 
4197 811 823 778 1088 
4198 600 1020 439 521 
4199 606 1047 42 548 
4200 42 1047 607 548 
4201 371 465 575 964 
4202 104 600 1020 938 
4203 439 31 600 521 
4204 848 401 529 900 
4205 529 349 401 848 
4206 844 349 988 848 
4207 1050 125 630 551 
4208 125 1050 626 551 
4209 1017 260 564 759 
4210 639 163 577 662 
4211 658 552 899 1051 
4212 348 846 963 347 
4213 802 1062 563 390 
4214 365 617 81 173 
4215 864 672 122 617 
4216 172 946 545 447 
4217 185 486 985 946 
4218 533 503 354 853 
4219 1058 827 897 559 
4220 555 411 576 1054 
4221 626 1050 680 551 
4222 157 896 578 397 
4223 377 181 876 372 
4224 1057 558 628 1021 
4225 540 360 568 1039 
4226 831 299 830 798 
4227 247 744 748 245 
4228 570 681 1069 548 
4229 390 887 915 889 
4230 310 529 359 858 
4231 349 361 549 860 
4232 336 414 360 913 
4233 525 854 1026 355 
4234 985 486 185 1021 
4235 674 896 869 370 
4236 397 896 175 370 
4237 349 345 347 844 
4238 414 336 495 913 
4239 576 514 331 1013 
4240 744 748 245 971 
4241 532 1076 662 1031 
4242 336 534 495 835 
4243 796 841 1034 297 
4244 550 172 643 671 
4245 600 1020 938 439 
4246 665 390 890 889 
4247 517 1018 323 1016 
4248 576 455 555 1054 
4249 270 302 957 458 
4250 567 1066 1037 862 
4251 618 681 117 621 
4252 621 76 618 182 
4253 168 667 368 565 
4254 570 1030 350 531 
4255 661 1052 969 162 
4256 954 331 1075 455 
4257 858 465 309 964 
4258 645 637 447 946 
4259 831 443 524 1023 
4260 332 441 443 940 
4261 674 869 398 370 
4262 430 930 431 1082 
4263 982 1060 945 483 
4264 517 1016 840 1018 
4265 900 400 179 401 
4266 558 522 628 1021 
4267 869 816 1058 317 
4268 430 929 930 1082 
4269 1076 639 577 662 
4270 549 401 848 900 
4271 349 549 401 848 
4272 997 498 507 1088 
4273 382 882 1073 574 
4274 575 552 1051 964 
4275 537 472 249 971 
4276 848 844 349 846 
4277 335 1029 350 530 
4278 362 829 1027 528 
4279 513 869 896 370 
4280 397 513 896 370 
4281 368 1040 867 667 
4282 559 827 897 398 
4283 432 931 929 1090 
4284 537 433 348 932 
4285 1023 171 1033 670 
4286 844 988 345 843 
4287 367 672 877 173 
4288 869 316 317 370 
4289 964 575 371 870 
4290 530 182 681 570 
4291 994 1033 495 670 
4292 560 348 847 963 
4293 1068 518 260 569 
4294 518 424 569 1068 
4295 345 760 845 844 
4296 163 532 577 662 
4297 670 171 584 1046 
4298 631 667 46 168 
4299 667 623 46 168 
4300 443 547 171 1046 
4301 1046 442 596 941 
4302 537 346 472 971 
4303 60 142 435 640 
4304 142 435 640 934 
4305 1015 1058 317 516 
4306 1047 1069 681 548 
4307 524 832 1023 1033 
4308 825 1026 834 335 
4309 1034 877 865 535 
4310 109 888 389 601 
4311 563 303 802 390 
4312 669 1027 945 528 
4313 349 848 846 860 
4314 1067 360 859 1039 
4315 923 936 424 1068 
4316 865 672 864 173 
4317 365 865 864 173 
4318 245 246 247 744 
4319 889 887 888 390 
4320 390 887 888 389 
4321 183 444 682 1091 
4322 425 437 424 936 
4323 1051 658 575 1074 
4324 881 1030 673 174 
4325 578 896 21 397 
4326 1064 368 867 667 
4327 365 687 1045 188 
4328 161 916 917 660 
4329 1066 917 567 1037 
4330 682 444 943 1091 
4331 920 1017 420 919 
4332 402 901 890 543 
4333 896 513 157 1012 
4334 431 560 348 847 
4335 916 418 161 917 
4336 628 55 558 137 
4337 29 102 556 588 
4338 629 558 55 137 
4339 29 102 593 556 
4340 56 138 558 646 
4341 552 858 1051 964 
4342 620 868 666 369 
4343 159 399 575 898 
4344 888 390 665 889 
4345 390 888 665 389 
4346 813 350 314 335 
4347 929 430 432 1090 
4348 654 74 557 156 
4349 655 557 74 156 
4350 364 1064 876 565 
4351 342 1034 841 297 
4352 1064 867 368 519 
4353 877 1034 342 535 
4354 661 969 1071 162 
4355 999 660 500 1066 
4356 527 868 335 369 
4357 868 527 335 1026 
4358 1076 532 662 577 
4359 545 946 486 447 
4360 582 495 87 994 
4361 584 87 495 994 
4362 13 171 547 584 
4363 670 584 86 1046 
4364 800 802 1062 301 
4365 1072 551 573 181 
4366 665 166 389 601 
4367 330 290 957 458 
4368 563 1062 802 301 
4369 742 744 245 971 
4370 57 447 185 645 
4371 946 645 139 684 
4372 645 447 185 946 
4373 347 846 963 860 
4374 666 868 527 369 
4375 666 868 1026 527 
4376 420 538 919 818 
4377 538 1037 919 818 
4378 455 954 285 1086 
4379 1046 942 442 941 
4380 926 427 425 1082 
4381 245 247 249 748 
4382 853 1002 503 1087 
4383 853 515 533 1014 
4384 889 802 915 390 
4385 159 575 552 658 
4386 366 1045 535 546 
4387 1034 865 1045 535 
4388 316 869 513 370 
4389 748 249 245 971 
4390 559 317 1058 516 
4391 297 1034 783 535 
4392 936 924 425 1082 
4393 870 575 371 898 
4394 332 830 299 331 
4395 1062 563 391 357 
4396 1019 357 520 1085 
4397 357 1019 856 1085 
4398 934 931 432 1090 
4399 932 437 433 1082 
4400 1060 561 483 1085 
4401 552 465 359 858 
4402 876 863 1064 364 
4403 331 954 1075 830 
4404 1045 687 689 188 
4405 420 538 418 919 
4406 1037 418 538 919 
4407 1029 1069 350 570 
4408 396 453 393 1084 
4409 895 892 952 1084 
4410 891 570 548 392 
4411 890 391 543 357 
4412 518 1068 260 1017 
4413 818 564 420 319 
4414 424 1017 1068 518 
4415 390 890 1062 391 
4416 783 1045 689 546 
4417 1033 495 835 994 
4418 171 495 1033 670 
4419 524 299 332 831 
4420 401 400 552 900 
4421 503 1002 1032 1086 
4422 552 575 465 964 
4423 680 626 551 181 
4424 349 529 988 848 
4425 970 180 935 679 
4426 486 1044 985 946 
4427 182 618 681 548 
4428 868 335 369 530 
4429 906 407 664 1067 
4430 516 827 559 328 
4431 871 680 1072 181 
4432 360 414 568 913 
4433 671 454 953 1090 
4434 810 782 852 1087 
4435 283 311 353 1087 
4436 439 1020 571 521 
4437 455 1054 1075 954 
4438 515 533 354 853 
4439 672 866 615 367 
4440 359 900 529 401 
4441 1020 521 183 1091 
4442 563 802 303 301 
4443 1057 628 558 137 
4444 588 1055 102 556 
4445 558 629 1057 137 
4446 593 102 1055 556 
4447 138 558 646 1057 
4448 436 471 180 935 
4449 827 559 328 398 
4450 1056 654 557 156 
4451 557 655 1056 156 
4452 759 260 526 1068 
4453 1069 1029 681 570 
4454 667 876 1064 565 
4455 854 666 1026 355 
4456 568 407 540 1039 
4457 934 1076 532 1031 
4458 866 551 613 367 
4459 938 1020 1070 439 
4460 858 552 465 964 
4461 483 302 801 1085 
4462 302 357 801 1085 
4463 876 377 372 364 
4464 543 856 890 357 
4465 1062 856 800 357 
4466 681 868 369 530 
4467 1020 1055 682 183 
4468 401 552 359 900 
4469 557 654 1056 1094 
4470 437 526 569 1068 
4471 936 526 748 437 
4472 249 526 437 748 
4473 831 332 443 940 
4474 942 831 443 940 
4475 454 671 172 1090 
4476 845 347 844 846 
4477 1068 936 526 1025 
4478 389 887 387 388 
4479 1019 520 543 1093 
4480 1020 571 521 1091 
4481 500 567 363 862 
4482 414 165 568 913 
4483 865 877 672 173 
4484 640 550 141 1049 
4485 141 550 643 1049 
4486 350 1069 1030 570 
4487 486 1044 545 1092 
4488 748 433 537 932 
4489 332 443 524 831 
4490 1023 831 443 942 
4491 891 1030 570 531 
4492 570 891 548 1069 
4493 1026 326 525 527 
4494 830 1038 539 831 
4495 332 331 539 830 
4496 401 549 179 900 
4497 311 810 853 1087 
4498 1037 318 818 538 
4499 391 402 890 543 
4500 513 896 157 397 
4501 575 552 658 1051 
4502 526 249 247 748 
4503 389 888 665 601 
4504 1037 318 538 862 
4505 533 503 1032 1086 
4506 382 1073 511 574 
4507 424 1017 923 1068 
4508 437 932 936 1082 
4509 1015 1058 816 317 
4510 925 935 436 1092 
4511 924 926 425 1082 
4512 748 537 249 971 
4513 849 1030 881 350 
4514 531 881 350 382 
4515 532 435 577 1076 
4516 555 1054 455 1086 
4517 559 869 317 370 
4518 551 866 613 1050 
4519 660 917 161 1066 
4520 1064 364 519 565 
4521 687 1045 864 365 
4522 567 161 418 917 
4523 167 527 666 355 
4524 567 538 363 862 
4525 1067 906 407 1039 
4526 942 442 443 1046 
4527 830 332 299 831 
4528 483 982 1060 1085 
4529 834 350 813 335 
4530 546 365 1045 188 
4531 431 930 932 1082 
4532 1069 1047 891 548 
4533 443 1023 171 524 
4534 1055 183 521 556 
4535 759 1017 260 1068 
4536 398 869 559 370 
4537 391 890 1062 357 
4538 60 435 550 640 
4539 640 1049 142 934 
4540 441 939 440 1094 
4541 844 345 347 845 
4542 1026 326 527 335 
4543 527 525 1026 355 
4544 611 1055 30 556 
4545 882 382 383 574 
4546 364 1064 519 863 
4547 550 1049 435 1090 
4548 1062 889 890 390 
4549 1010 849 881 350 
4550 511 881 382 350 
4551 919 1017 420 1063 
4552 387 888 887 389 
4553 801 357 856 1085 
4554 1064 519 863 1018 
4555 61 143 1076 642 
4556 143 61 1076 639 
4557 1047 681 618 548 
4558 546 689 188 1045 
4559 982 483 801 1085 
4560 392 891 570 531 
4561 172 671 550 1090 
4562 495 171 14 584 
4563 584 87 994 670 
4564 1062 802 889 390 
4565 1055 30 103 611 
4566 435 934 432 1090 
4567 890 856 1062 357 
4568 667 168 377 565 
4569 853 354 311 1087 
4570 1045 865 864 365 
4571 433 748 537 249 
4572 279 337 324 1088 
4573 778 823 836 1088 
4574 640 550 643 141 
4575 59 550 643 640 
4576 848 549 860 349 
4577 681 868 621 369 
4578 881 174 880 382 
4579 331 1075 1013 830 
4580 366 365 1045 546 
4581 441 332 539 940 
4582 936 437 424 1068 
4583 1034 342 535 297 
4584 61 1076 577 642 
4585 61 1076 639 577 
4586 942 171 1023 670 
4587 830 539 332 831 
4588 936 425 437 1082 
4589 1076 532 435 934 
4590 1054 954 455 1086 
4591 831 1038 539 940 
4592 42 606 548 392 
4593 115 891 1047 606 
4594 596 442 557 1056 
4595 551 680 1072 1050 
4596 444 446 943 1091 
4597 813 849 1010 350 
4598 497 450 199 1089 
4599 996 698 949 1089 
4600 448 351 496 1083 
4601 850 947 995 1083 
4602 1020 1055 183 521 
4603 876 377 364 565 
4604 367 615 672 173 
4605 1069 891 1030 570 
4606 881 880 882 382 
4607 503 354 853 1087 
4608 1056 557 11 597 
4609 527 1026 666 355 
4610 917 418 567 1037 
4611 818 919 420 1063 
4612 500 999 1066 862 
4613 511 1073 881 1010 
4614 939 441 940 1094 
4615 1023 443 171 942 
4616 670 942 171 1046 
4617 82 615 367 173 
4618 123 672 866 615 
4619 616 124 1050 613 
4620 613 616 83 551 
4621 350 834 1029 335 
4622 876 667 377 565 
4623 1057 684 558 1021 
4624 1044 486 985 1092 
4625 116 1047 618 619 
4626 619 618 75 548 
4627 429 433 437 1082 
4628 936 932 928 1082 
4629 680 551 1072 181 
4630 1060 982 857 1085 
4631 483 561 358 1085 
4632 522 558 185 1021 
4633 831 539 332 940 
4634 235 448 258 1083 
4635 757 947 734 1083 
4636 696 996 699 1089 
4637 497 197 200 1089 
4638 446 945 943 1091 
4639 927 935 925 1092 
4640 428 426 436 1092 
4641 521 602 1055 556 
4642 431 932 433 1082 
4643 684 185 558 1021 
4644 442 596 941 1056 
4645 942 443 171 1046 
4646 538 567 1037 862 
4647 276 393 453 1084 
4648 892 775 952 1084 
4649 375 396 393 1084 
4650 895 874 892 1084 
4651 849 1029 1069 350 
4652 460 283 353 1087 
4653 782 959 852 1087 
4654 881 531 174 382 
4655 435 1049 934 1090 
4656 1050 616 613 551 
4657 538 567 418 1037 
4658 11 84 1056 597 
4659 811 997 823 1088 
4660 324 498 312 1088 
4661 350 834 813 849 
4662 849 1069 1030 350 
4663 73 654 184 1094 
4664 155 683 654 1094 
4665 526 437 936 1068 
4666 1055 1020 602 521 
4667 142 1076 642 934 
4668 577 435 60 642 
4669 117 681 868 621 
4670 76 621 369 182 
4671 1070 439 571 1093 
4672 551 626 43 181 
4673 1050 680 125 626 
4674 784 954 807 1086 
4675 455 285 308 1086 
4676 939 683 155 1094 
4677 440 73 184 1094 
4678 1047 618 619 548 
4679 183 588 29 556 
4680 682 1055 102 588 
4681 156 1056 654 683 
4682 184 74 557 654 
4683 684 558 645 1057 
4684 442 557 1056 1094 
4685 1056 654 683 1094 
4686 557 184 654 1094 
4687 138 56 558 645 
4688 944 1020 682 1091 
4689 445 183 521 1091 
4690 881 882 1073 382 
4691 558 684 645 185 
4692 1049 643 141 671 
4693 550 172 59 643 
4694 1055 611 593 556 
4695 1056 655 557 597 
4696 629 646 558 1057 
4697 1060 1081 561 1085 
4698 138 645 558 1057 
4699 558 522 55 628 
4700 137 1057 628 1021 
4701 353 311 354 1087 
4702 852 853 810 1087 
4703 849 834 1029 350 
4704 442 1056 941 1094 
4705 1054 807 954 1086 
4706 308 555 455 1086 
4707 1020 944 1070 1091 
4708 445 521 571 1091 
4709 429 437 425 1082 
4710 936 928 924 1082 
4711 502 1001 1079 1083 
4712 1070 938 439 1093 
4713 602 30 1055 556 
4714 1019 1081 1060 1085 
4715 520 561 1081 1085 
4716 799 300 1079 1083 
4717 1006 1078 507 1089 
4718 1073 382 511 881 
4719 1044 454 545 1092 
4720 338 1078 837 1084 
4721 502 1079 300 1083 
4722 503 1002 1079 1087 
4723 799 1079 1001 1083 
4724 503 1079 1002 1086 
4725 602 30 103 1055 
4726 945 561 1060 1091 
4727 945 446 561 1091 
4728 507 1078 1006 1088 
4729 502 1079 1001 1087 
4730 338 837 1078 1088 
4731 394 1078 893 1089 
4732 893 1078 394 1084 
4733 926 1077 427 1082 
4734 427 1077 430 1082 
4735 300 799 1079 1086 
4736 99 100 591 669 
4737 27 26 591 170 
4738 929 430 1077 1082 
4739 926 929 1077 1082 
4740 653 663 151 152 
4741 70 69 653 164 
4742 893 837 1078 1084 
4743 169 51 52 634 
4744 133 134 634 668 
4745 394 1078 338 1084 
4746 891 115 114 606 
4747 606 42 41 392 
4748 100 101 592 943 
4749 592 28 27 444 
4750 605 38 37 160 
4751 605 110 111 659 
4752 471 52 53 635 
4753 135 635 134 970 
4754 596 557 11 1056 
4755 300 1079 503 1086 
4756 1002 1079 799 1086 
4757 132 133 627 948 
4758 50 51 449 627 
4759 503 1079 502 1087 
4760 1001 1079 1002 1087 
4761 68 69 409 647 
4762 151 150 908 647 
4763 639 1076 143 662 
4764 61 163 577 639 
4765 893 1078 1006 1089 
4766 507 1078 394 1089 
4767 1006 1078 837 1088 
4768 520 1081 1019 1085 
4769 883 112 111 609 
4770 38 39 384 609 
4771 338 1078 507 1088 
4772 598 37 36 387 
4773 109 110 598 886 
4774 953 454 1044 1092 
4775 1050 124 866 613 
4776 83 613 551 367 
4777 413 70 71 648 
4778 152 912 153 648 
4779 929 1077 430 1090 
4780 116 1047 681 618 
4781 75 618 182 548 
4782 682 102 101 588 
4783 29 28 588 183 
4784 434 435 432 1090 
4785 934 933 931 1090 
4786 162 23 24 587 
4787 97 96 661 587 
4788 880 113 112 610 
4789 610 40 39 381 
4790 654 156 683 155 
4791 184 73 74 654 
4792 933 934 1049 1090 
4793 434 550 435 1090 
4794 486 545 428 1092 
4795 1044 985 927 1092 
4796 358 561 520 1085 
4797 1060 857 1019 1085 
4798 6 655 1056 597 
4799 655 1 557 597 
4800 611 7 1055 593 
4801 593 611 2 556 
4802 10 646 629 1057 
4803 646 558 3 629 
4804 941 940 942 1080 
4805 1002 1001 799 1079 
4806 502 503 300 1079 
4807 177 67 68 652 
4808 150 149 676 652 
4809 673 114 113 608 
4810 608 41 40 174 
4811 178 71 72 649 
4812 153 677 154 649 
4813 589 22 21 175 
4814 95 94 674 589 
4815 448 496 502 1083 
4816 995 947 1001 1083 
4817 799 784 807 1086 
4818 300 308 285 1086 
4819 1070 571 1081 1093 
4820 442 443 441 1080 
4821 442 1080 441 1094 
4822 941 940 1080 1094 
4823 596 11 84 1056 
4824 172 550 434 1090 
4825 1049 671 933 1090 
4826 807 1054 1032 1086 
4827 555 308 533 1086 
4828 876 127 126 632 
4829 632 45 44 377 
4830 497 394 450 1089 
4831 996 949 893 1089 
4832 1070 1081 571 1091 
4833 26 25 595 544 
4834 1043 99 98 595 
4835 926 427 1077 1092 
4836 507 338 394 1078 
4837 338 324 337 1088 
4838 823 837 836 1088 
4839 155 154 939 650 
4840 440 72 73 650 
4841 1006 893 837 1078 
4842 619 607 1047 548 
4843 630 616 1050 551 
4844 604 32 600 1093 
4845 600 105 604 1093 
4846 300 258 448 1083 
4847 799 947 757 1083 
4848 129 130 625 999 
4849 500 47 48 625 
4850 507 497 200 1089 
4851 699 996 1006 1089 
4852 893 775 892 1084 
4853 394 393 276 1084 
4854 928 932 930 1082 
4855 429 431 433 1082 
4856 338 375 393 1084 
4857 874 837 892 1084 
4858 460 353 502 1087 
4859 959 1001 852 1087 
4860 430 1077 454 1090 
4861 929 953 1077 1090 
4862 477 22 23 594 
4863 96 95 976 594 
4864 929 953 926 1077 
4865 628 137 1021 136 
4866 522 54 55 628 
4867 53 54 180 633 
4868 135 136 633 679 
4869 442 941 1080 1094 
4870 483 358 302 1085 
4871 857 982 801 1085 
4872 430 427 454 1077 
4873 898 149 148 651 
4874 399 66 67 651 
4875 454 1077 953 1090 
4876 4 42 607 548 
4877 1047 8 115 607 
4878 927 925 926 1092 
4879 426 428 427 1092 
4880 441 1080 940 1094 
4881 454 1077 427 1092 
4882 185 558 56 645 
4883 138 684 645 1057 
4884 671 953 933 1090 
4885 454 172 434 1090 
4886 823 997 1006 1088 
4887 507 498 324 1088 
4888 926 1077 953 1092 
4889 163 61 62 639 
4890 144 639 143 662 
4891 1050 125 9 630 
4892 630 43 5 551 
4893 799 1001 947 1083 
4894 502 300 448 1083 
4895 944 682 943 1091 
4896 183 445 444 1091 
4897 1002 853 852 1087 
4898 503 353 354 1087 
4899 32 604 176 1093 
4900 675 604 105 1093 
4901 358 520 357 1085 
4902 857 856 1019 1085 
4903 928 930 929 1082 
4904 429 430 431 1082 
4905 3 56 558 646 
4906 646 10 138 1057 
4907 1057 629 10 137 
4908 558 55 3 629 
4909 7 102 1055 593 
4910 593 2 29 556 
4911 557 74 1 655 
4912 1056 655 6 156 
4913 176 604 675 1093 
4914 394 497 507 1089 
4915 1006 996 893 1089 
4916 939 940 683 1094 
4917 184 441 440 1094 
4918 429 425 427 1082 
4919 924 928 926 1082 
4920 454 953 1077 1092 
4921 561 1081 1060 1091 
4922 1020 602 103 1055 
4923 30 602 521 556 
4924 933 929 931 1090 
4925 430 434 432 1090 
4926 823 1006 837 1088 
4927 338 507 324 1088 
4928 394 338 393 1084 
4929 893 892 837 1084 
4930 353 503 502 1087 
4931 1001 1002 852 1087 
4932 607 1047 8 619 
4933 4 607 619 548 
4934 98 97 992 590 
4935 493 24 25 590 
4936 1002 799 807 1086 
4937 308 300 503 1086 
4938 616 1050 9 630 
4939 5 616 630 551 
4940 941 596 84 1056 
4941 442 557 11 596 
4942 91 92 586 902 
4943 403 18 19 586 
4944 1060 1081 1070 1091 
4945 571 1081 561 1091 
4946 1055 103 7 611 
4947 611 30 2 556 
4948 442 441 184 1094 
4949 683 940 941 1094 
4950 417 49 50 622 
4951 131 132 622 916 
4952 580 20 19 157 
4953 92 93 580 656 
4954 641 144 145 911 
4955 412 62 63 641 
4956 611 2 7 593 
4957 655 6 1 597 
4958 646 3 10 629 
4959 406 17 18 585 
4960 90 91 585 905 
4961 926 928 929 1082 
4962 429 427 430 1082 
4963 631 46 45 168 
4964 667 128 127 631 
4965 1002 807 1032 1086 
4966 503 533 308 1086 
4967 58 59 172 643 
4968 671 643 141 140 
4969 16 15 581 414 
4970 581 88 89 913 
4971 126 125 680 626 
4972 44 43 626 181 
4973 86 87 584 670 
4974 13 14 171 584 
4975 636 66 65 159 
4976 148 636 147 658 
4977 11 12 442 596 
4978 84 85 596 941 
4979 143 1076 642 142 
4980 577 60 61 642 
4981 604 33 32 176 
4982 106 105 675 604 
4983 1 11 557 597 
4984 1056 84 6 597 
4985 57 58 447 637 
4986 139 140 637 946 
4987 103 104 602 1020 
4988 31 30 602 521 
4989 1070 1081 1019 1093 
4990 520 1081 571 1093 
4991 56 57 185 645 
4992 684 645 139 138 
4993 1019 1081 520 1093 
4994 81 80 617 365 
4995 864 122 121 617 
4996 128 129 623 1040 
4997 46 47 541 623 
4998 107 108 603 665 
4999 35 34 603 166 
5000 454 434 430 1090 
5001 933 953 929 1090 
5002 599 34 33 402 
5003 107 106 901 599 
5004 899 146 638 147 
5005 64 65 400 638 
5006 35 36 389 601 
5007 109 108 888 601 
5008 17 16 583 165 
5009 89 90 583 664 
5010 179 63 64 644 
5011 678 145 644 146 
5012 561 571 520 1081 
5013 1060 1019 1070 1081 
5014 120 119 685 612 
5015 612 79 78 186 
5016 428 454 427 1092 
5017 926 953 927 1092 
5018 302 358 357 1085 
5019 857 801 856 1085 
5020 116 8 1047 619 
5021 619 75 4 548 
5022 118 117 868 621 
5023 621 77 76 369 
5024 124 123 866 613 
5025 613 83 82 367 
5026 600 32 31 439 
5027 600 104 105 938 
5028 896 94 93 578 
5029 21 20 578 397 
5030 520 439 176 1093 
5031 1019 675 938 1093 
5032 1050 9 124 616 
5033 616 5 83 551 
5034 944 943 945 1091 
5035 444 445 446 1091 
5036 119 118 666 620 
5037 620 78 77 167 
5038 32 176 439 1093 
5039 938 675 105 1093 
5040 600 32 439 1093 
5041 105 600 938 1093 
5042 161 48 49 624 
5043 130 131 624 660 
5044 614 80 79 158 
5045 121 120 657 614 
5046 681 117 116 618 
5047 76 75 618 182 
5048 1056 683 941 1094 
5049 442 184 557 1094 
5050 616 9 5 630 
5051 14 15 495 582 
5052 582 87 88 994 
5053 8 4 607 619 
5054 615 82 81 173 
5055 672 123 122 615 
5056 600 439 938 1093 
5057 446 445 561 1091 
5058 944 945 1060 1091 
5059 86 85 1046 579 
5060 12 13 547 579 
5061 1070 1019 938 1093 
5062 520 571 439 1093 
5063 550 59 60 640 
5064 1049 141 640 142 
5065 428 545 454 1092 
5066 953 1044 927 1092 
5067 1070 944 1060 1091 
5068 561 445 571 1091 
$EndElements
